2017 rank,City,State,2017 estimate,2010 Census,Change,2016 land area Sq Mi,2016 land area Sq Km,2016 population density/sq Mi,2016 population/sq Km,Location,Wikipedia Link,City Website
1,New York City,New York,"8,622,698","8,175,133",+5.47%,3015,78092,28317,109332,40°39′49″N 73°56′19″W﻿ / ﻿40.6635°N 73.9387°W﻿ / 40.6635; -73.9387﻿ (1 New York City),https://en.wikipedia.org/wiki/New_York_City,https://www.nyc.gov/
2,Los Angeles,California,"3,999,759","3,792,621",+5.46%,4687,121392,8484,32762,34°01′10″N 118°24′39″W﻿ / ﻿34.0194°N 118.4108°W﻿ / 34.0194; -118.4108﻿ (2 Los Angeles),https://en.wikipedia.org/wiki/Los_Angeles,https://www.lacity.org/
3,Chicago,Illinois,"2,716,450","2,695,598",+0.77%,2273,58872,11900,46002,41°50′15″N 87°40′54″W﻿ / ﻿41.8376°N 87.6818°W﻿ / 41.8376; -87.6818﻿ (3 Chicago),https://en.wikipedia.org/wiki/Chicago,http://www.cityofchicago.org
4,Houston,Texas,"2,312,717","2,100,263",+10.12%,6375,165112,3613,13952,29°47′12″N 95°23′27″W﻿ / ﻿29.7866°N 95.3909°W﻿ / 29.7866; -95.3909﻿ (4 Houston),https://en.wikipedia.org/wiki/Houston,http://www.houstontx.gov/
5,Phoenix,Arizona,"1,626,078","1,445,632",+12.48%,5176,134062,3120,12002,33°34′20″N 112°05′24″W﻿ / ﻿33.5722°N 112.0901°W﻿ / 33.5722; -112.0901﻿ (6 Phoenix),"https://en.wikipedia.org/wiki/Phoenix,_Arizona",http://www.phoenix.gov
6,Philadelphia,Pennsylvania,"1,580,863","1,526,006",+3.59%,1342,34762,11683,45112,40°00′34″N 75°08′00″W﻿ / ﻿40.0094°N 75.1333°W﻿ / 40.0094; -75.1333﻿ (5 Philadelphia),https://en.wikipedia.org/wiki/Philadelphia,http://www.phila.gov/
7,San Antonio,Texas,"1,511,946","1,327,407",+13.90%,4610,119402,3238,12502,29°28′21″N 98°31′30″W﻿ / ﻿29.4724°N 98.5251°W﻿ / 29.4724; -98.5251﻿ (7 San Antonio),https://en.wikipedia.org/wiki/San_Antonio,http://www.sanantonio.gov/
8,San Diego,California,"1,419,516","1,307,402",+8.58%,3252,84232,4325,16702,32°48′55″N 117°08′06″W﻿ / ﻿32.8153°N 117.1350°W﻿ / 32.8153; -117.1350﻿ (8 San Diego),https://en.wikipedia.org/wiki/San_Diego,http://www.sandiego.gov/
9,Dallas,Texas,"1,341,075","1,197,816",+11.96%,3409,88292,3866,14932,32°47′36″N 96°45′59″W﻿ / ﻿32.7933°N 96.7665°W﻿ / 32.7933; -96.7665﻿ (9 Dallas),https://en.wikipedia.org/wiki/Dallas,http://www.dallascityhall.com/
10,San Jose,California,"1,035,317","945,942",+9.45%,1775,45972,5777,22312,37°17′48″N 121°49′08″W﻿ / ﻿37.2967°N 121.8189°W﻿ / 37.2967; -121.8189﻿ (10 San Jose),"https://en.wikipedia.org/wiki/San_Jose,_California",http://www.sanjoseca.gov/
11,Austin,Texas,"950,715","790,390",+20.28%,3127,80992,3031,11702,30°18′14″N 97°45′16″W﻿ / ﻿30.3039°N 97.7544°W﻿ / 30.3039; -97.7544﻿ (11 Austin),"https://en.wikipedia.org/wiki/Austin,_Texas",http://www.austintexas.gov
12,Jacksonville,Florida,"892,062","821,784",+8.55%,7474,193582,1178,4552,30°20′13″N 81°39′42″W﻿ / ﻿30.3369°N 81.6616°W﻿ / 30.3369; -81.6616﻿ (12 Jacksonville),"https://en.wikipedia.org/wiki/Jacksonville,_Florida",http://www.coj.net
13,San Francisco,California,"884,363","805,235",+9.83%,469,12152,18569,71702,37°43′38″N 123°01′56″W﻿ / ﻿37.7272°N 123.0322°W﻿ / 37.7272; -123.0322﻿ (13 San Francisco),https://en.wikipedia.org/wiki/San_Francisco,http://sf.gov/
14,Columbus,Ohio,"879,170","787,033",+11.71%,2185,56592,3936,15202,39°59′07″N 82°59′05″W﻿ / ﻿39.9852°N 82.9848°W﻿ / 39.9852; -82.9848﻿ (15 Columbus),"https://en.wikipedia.org/wiki/Columbus,_Ohio",http://www.columbus.gov/
15,Fort Worth,Texas,"874,168","741,206",+17.94%,3429,88812,2491,9622,32°46′53″N 97°20′48″W﻿ / ﻿32.7815°N 97.3467°W﻿ / 32.7815; -97.3467﻿ (16 Fort Worth),"https://en.wikipedia.org/wiki/Fort_Worth,_Texas",http://www.fortworthtexas.gov/
16,Indianapolis,Indiana,"863,002","820,445",+5.19%,3615,93632,2366,9142,39°46′36″N 86°08′45″W﻿ / ﻿39.7767°N 86.1459°W﻿ / 39.7767; -86.1459﻿ (14 Indianapolis),https://en.wikipedia.org/wiki/Indianapolis,http://www.indy.gov
17,Charlotte,North Carolina,"859,035","731,424",+17.45%,3054,79102,2757,10642,35°12′28″N 80°49′52″W﻿ / ﻿35.2078°N 80.8310°W﻿ / 35.2078; -80.8310﻿ (17 Charlotte),"https://en.wikipedia.org/wiki/Charlotte,_North_Carolina",http://charlottenc.gov
18,Seattle,Washington,"724,745","608,660",+19.07%,838,21702,8405,32452,47°37′14″N 122°21′03″W﻿ / ﻿47.6205°N 122.3509°W﻿ / 47.6205; -122.3509﻿ (20 Seattle),https://en.wikipedia.org/wiki/Seattle,http://www.seattle.gov/
19,Denver,Colorado,"704,621","600,158",+17.41%,1533,39702,4521,17462,39°45′43″N 104°52′52″W﻿ / ﻿39.7619°N 104.8811°W﻿ / 39.7619; -104.8811﻿ (Denver),https://en.wikipedia.org/wiki/Denver,http://www.denvergov.org/
20,"Washington, D.C.",District of Columbia,"693,972","601,723",+15.33%,611,15822,11148,43042,"38°54′15″N 77°01′02″W﻿ / ﻿38.9041°N 77.0172°W﻿ / 38.9041; -77.0172﻿ (Washington, D.C.)","https://en.wikipedia.org/wiki/Washington,_D.C.",http://dc.gov/
21,Boston,Massachusetts,"685,094","617,594",+10.93%,483,12512,13938,53812,42°19′55″N 71°01′13″W﻿ / ﻿42.3320°N 71.0202°W﻿ / 42.3320; -71.0202﻿ (Boston),https://en.wikipedia.org/wiki/Boston,https://www.boston.gov/
22,El Paso,Texas,"683,577","649,121",+5.31%,2568,66512,2660,10302,31°50′54″N 106°25′37″W﻿ / ﻿31.8484°N 106.4270°W﻿ / 31.8484; -106.4270﻿ (19 El Paso),"https://en.wikipedia.org/wiki/El_Paso,_Texas",http://www.elpasotexas.gov
23,Detroit,Michigan,"673,104","713,777",−5.70%,1388,35952,4847,18712,42°22′59″N 83°06′08″W﻿ / ﻿42.3830°N 83.1022°W﻿ / 42.3830; -83.1022﻿ (18 Detroit),https://en.wikipedia.org/wiki/Detroit,http://www.detroitmi.gov/
24,Nashville,Tennessee,"667,560","601,222",+11.03%,4759,123262,1388,5362,36°10′18″N 86°47′06″W﻿ / ﻿36.1718°N 86.7850°W﻿ / 36.1718; -86.7850﻿ (Nashville),"https://en.wikipedia.org/wiki/Nashville,_Tennessee",http://www.nashville.gov/
25,Memphis,Tennessee,"652,236","646,889",+0.83%,3174,82212,2056,7942,35°06′10″N 89°58′39″W﻿ / ﻿35.1028°N 89.9774°W﻿ / 35.1028; -89.9774﻿ (Memphis),"https://en.wikipedia.org/wiki/Memphis,_Tennessee",http://www.memphistn.gov
26,Portland,Oregon,"647,805","583,776",+10.97%,1335,34582,4793,18512,45°32′13″N 122°39′00″W﻿ / ﻿45.5370°N 122.6500°W﻿ / 45.5370; -122.6500﻿ (Portland),"https://en.wikipedia.org/wiki/Portland,_Oregon",http://www.PortlandOregon.gov/
27,Oklahoma City,Oklahoma,"643,648","579,999",+10.97%,6063,157032,1053,4072,35°28′02″N 97°30′49″W﻿ / ﻿35.4671°N 97.5137°W﻿ / 35.4671; -97.5137﻿ (Oklahoma City),https://en.wikipedia.org/wiki/Oklahoma_City,http://www.okc.gov/
28,Las Vegas,Nevada,"641,676","583,756",+9.92%,1344,34812,4709,18182,36°13′45″N 115°15′36″W﻿ / ﻿36.2292°N 115.2601°W﻿ / 36.2292; -115.2601﻿ (Las Vegas),https://en.wikipedia.org/wiki/Las_Vegas,http://lasvegasnevada.gov
29,Louisville,Kentucky,"621,349","597,337",+4.02%,2635,68252,2339,9032,38°09′55″N 85°38′51″W﻿ / ﻿38.1654°N 85.6474°W﻿ / 38.1654; -85.6474﻿ (Louisville),"https://en.wikipedia.org/wiki/Louisville,_Kentucky",http://louisvilleky.gov/
30,Baltimore,Maryland,"611,648","620,961",−1.50%,809,20952,7598,29342,39°18′00″N 76°36′38″W﻿ / ﻿39.3000°N 76.6105°W﻿ / 39.3000; -76.6105﻿ (Baltimore),https://en.wikipedia.org/wiki/Baltimore,http://www.baltimorecity.gov/
31,Milwaukee,Wisconsin,"595,351","594,833",+0.09%,962,24922,6186,23882,43°03′48″N 87°58′00″W﻿ / ﻿43.0633°N 87.9667°W﻿ / 43.0633; -87.9667﻿ (Milwaukee),https://en.wikipedia.org/wiki/Milwaukee,http://city.milwaukee.gov
32,Albuquerque,New Mexico,"558,545","545,852",+2.33%,1882,48742,2972,11472,35°06′20″N 106°38′51″W﻿ / ﻿35.1056°N 106.6474°W﻿ / 35.1056; -106.6474﻿ (Albuquerque),"https://en.wikipedia.org/wiki/Albuquerque,_New_Mexico",http://www.cabq.gov/
33,Tucson,Arizona,"535,677","520,116",+2.99%,2308,59782,2299,8882,32°09′11″N 110°52′14″W﻿ / ﻿32.1531°N 110.8706°W﻿ / 32.1531; -110.8706﻿ (Tucson),"https://en.wikipedia.org/wiki/Tucson,_Arizona",http://www.tucsonaz.gov
34,Fresno,California,"527,438","494,665",+6.63%,1144,29632,4563,17622,36°47′01″N 119°47′36″W﻿ / ﻿36.7836°N 119.7934°W﻿ / 36.7836; -119.7934﻿ (Fresno),"https://en.wikipedia.org/wiki/Fresno,_California",http://www.fresno.gov
35,Sacramento,California,"501,901","466,488",+7.59%,979,25362,5059,19532,38°34′00″N 121°28′07″W﻿ / ﻿38.5666°N 121.4686°W﻿ / 38.5666; -121.4686﻿ (Sacramento),"https://en.wikipedia.org/wiki/Sacramento,_California",http://cityofsacramento.org
36,Mesa,Arizona,"496,401","439,041",+13.06%,1379,35722,3514,13572,33°24′07″N 111°43′03″W﻿ / ﻿33.4019°N 111.7174°W﻿ / 33.4019; -111.7174﻿ (Mesa),"https://en.wikipedia.org/wiki/Mesa,_Arizona",http://www.mesaaz.gov
37,Kansas City,Missouri,"488,943","459,787",+6.34%,3150,81582,1528,5902,"39°07′30″N 94°33′04″W﻿ / ﻿39.1251°N 94.5510°W﻿ / 39.1251; -94.5510﻿ (Kansas City, MO)","https://en.wikipedia.org/wiki/Kansas_City,_Missouri",http://www.kcmo.gov/
38,Atlanta,Georgia,"486,290","420,003",+15.78%,1335,34582,3539,13662,33°45′46″N 84°25′22″W﻿ / ﻿33.7629°N 84.4227°W﻿ / 33.7629; -84.4227﻿ (Atlanta),https://en.wikipedia.org/wiki/Atlanta,http://atlantaga.gov
39,Long Beach,California,"469,450","462,257",+1.56%,503,13032,9347,36092,33°48′33″N 118°09′19″W﻿ / ﻿33.8092°N 118.1553°W﻿ / 33.8092; -118.1553﻿ (Long Beach),"https://en.wikipedia.org/wiki/Long_Beach,_California",http://www.longbeach.gov
40,Omaha,Nebraska,"466,893","408,958",+14.17%,1332,34502,3356,12962,41°15′52″N 96°02′42″W﻿ / ﻿41.2644°N 96.0451°W﻿ / 41.2644; -96.0451﻿ (Omaha),"https://en.wikipedia.org/wiki/Omaha,_Nebraska",http://www.cityofomaha.org
41,Raleigh,North Carolina,"464,758","403,892",+15.07%,1451,37582,3163,12212,35°49′50″N 78°38′30″W﻿ / ﻿35.8306°N 78.6418°W﻿ / 35.8306; -78.6418﻿ (Raleigh),"https://en.wikipedia.org/wiki/Raleigh,_North_Carolina",http://raleighnc.gov
42,Colorado Springs,Colorado,"464,474","416,427",+11.54%,1956,50662,2378,9182,38°52′02″N 104°45′39″W﻿ / ﻿38.8673°N 104.7607°W﻿ / 38.8673; -104.7607﻿ (Colorado Springs),"https://en.wikipedia.org/wiki/Colorado_Springs,_Colorado",http://coloradosprings.gov
43,Miami,Florida,"463,347","399,457",+15.99%,360,9322,12599,48652,25°46′31″N 80°12′31″W﻿ / ﻿25.7752°N 80.2086°W﻿ / 25.7752; -80.2086﻿ (Miami),https://en.wikipedia.org/wiki/Miami,http://miamigov.com
44,Virginia Beach,Virginia,"450,435","437,994",+2.84%,2447,63382,1850,7102,36°46′48″N 76°01′31″W﻿ / ﻿36.7800°N 76.0252°W﻿ / 36.7800; -76.0252﻿ (Virginia Beach),"https://en.wikipedia.org/wiki/Virginia_Beach,_Virginia",http://www.vbgov.com/
45,Oakland,California,"425,195","390,724",+8.82%,559,14482,7514,29012,37°46′11″N 122°13′33″W﻿ / ﻿37.7698°N 122.2257°W﻿ / 37.7698; -122.2257﻿ (Oakland),"https://en.wikipedia.org/wiki/Oakland,_California",#cite_note-18
46,Minneapolis,Minnesota,"422,331","382,578",+10.39%,540,13992,7660,29602,44°57′48″N 93°16′06″W﻿ / ﻿44.9633°N 93.2683°W﻿ / 44.9633; -93.2683﻿ (Minneapolis),https://en.wikipedia.org/wiki/Minneapolis,http://www.minneapolismn.gov
47,Tulsa,Oklahoma,"401,800","391,906",+2.52%,1968,50972,2048,7912,36°07′40″N 95°54′08″W﻿ / ﻿36.1279°N 95.9023°W﻿ / 36.1279; -95.9023﻿ (Tulsa),"https://en.wikipedia.org/wiki/Tulsa,_Oklahoma",http://www.cityoftulsa.org/
48,Arlington,Texas,"396,394","365,438",+8.47%,958,24812,4100,16002,32°42′03″N 97°07′29″W﻿ / ﻿32.7007°N 97.1247°W﻿ / 32.7007; -97.1247﻿ (Arlington),"https://en.wikipedia.org/wiki/Arlington,_Texas",http://www.ArlingtonTX.gov
49,New Orleans,Louisiana,"393,292","343,829",+14.39%,1694,43872,2311,8922,30°03′12″N 89°56′04″W﻿ / ﻿30.0534°N 89.9345°W﻿ / 30.0534; -89.9345﻿ (New Orleans),https://en.wikipedia.org/wiki/New_Orleans,http://www.nola.gov
50,Wichita,Kansas,"390,591","382,368",+2.15%,1604,41542,2431,9392,37°41′27″N 97°20′45″W﻿ / ﻿37.6907°N 97.3459°W﻿ / 37.6907; -97.3459﻿ (Wichita),"https://en.wikipedia.org/wiki/Wichita,_Kansas",http://www.wichita.gov/
51,Cleveland,Ohio,"385,525","396,815",−2.85%,777,20122,4965,19172,41°28′43″N 81°40′46″W﻿ / ﻿41.4785°N 81.6794°W﻿ / 41.4785; -81.6794﻿ (Cleveland),https://en.wikipedia.org/wiki/Cleveland,http://www.cleveland-oh.gov
52,Tampa,Florida,"385,430","335,709",+14.81%,1134,29372,3326,12842,27°58′12″N 82°28′47″W﻿ / ﻿27.9701°N 82.4797°W﻿ / 27.9701; -82.4797﻿ (Tampa),"https://en.wikipedia.org/wiki/Tampa,_Florida",#cite_note-10
53,Bakersfield,California,"380,874","347,483",+9.61%,1488,38542,2529,9762,35°19′16″N 119°01′06″W﻿ / ﻿35.3212°N 119.0183°W﻿ / 35.3212; -119.0183﻿ (Bakersfield),"https://en.wikipedia.org/wiki/Bakersfield,_California",http://www.bakersfieldcity.us/
54,Aurora,Colorado,"366,623","325,078",+12.78%,1535,39762,2356,9102,39°41′17″N 104°41′23″W﻿ / ﻿39.6880°N 104.6897°W﻿ / 39.6880; -104.6897﻿ (Aurora),"https://en.wikipedia.org/wiki/Aurora,_Colorado",http://auroragov.org
55,Anaheim,California,"352,497","336,265",+4.83%,500,12952,7021,27112,33°51′20″N 117°45′36″W﻿ / ﻿33.8555°N 117.7601°W﻿ / 33.8555; -117.7601﻿ (Anaheim),"https://en.wikipedia.org/wiki/Anaheim,_California",http://www.anaheim.net
56,Honolulu,Hawaii,"350,395","337,256",+3.90%,605,15672,5815,22452,21°19′27″N 157°50′51″W﻿ / ﻿21.3243°N 157.8476°W﻿ / 21.3243; -157.8476﻿ (Honolulu),https://en.wikipedia.org/wiki/Honolulu,http://www.honolulu.gov/
57,Santa Ana,California,"334,136","324,528",+2.96%,271,7022,12333,47622,33°44′11″N 117°52′59″W﻿ / ﻿33.7363°N 117.8830°W﻿ / 33.7363; -117.8830﻿ (Santa Ana),"https://en.wikipedia.org/wiki/Santa_Ana,_California",http://www.santa-ana.org
58,Riverside,California,"327,728","303,871",+7.85%,812,21032,3999,15442,33°56′17″N 117°23′36″W﻿ / ﻿33.9381°N 117.3932°W﻿ / 33.9381; -117.3932﻿ (Riverside),"https://en.wikipedia.org/wiki/Riverside,_California",http://riversideca.gov
59,Corpus Christi,Texas,"325,605","305,215",+6.68%,1746,45222,1866,7202,27°45′15″N 97°10′24″W﻿ / ﻿27.7543°N 97.1734°W﻿ / 27.7543; -97.1734﻿ (Corpus Christi),"https://en.wikipedia.org/wiki/Corpus_Christi,_Texas",http://www.cctexas.com
60,Lexington,Kentucky,"321,959","295,803",+8.84%,2836,73452,1123,4342,38°02′27″N 84°27′30″W﻿ / ﻿38.0407°N 84.4583°W﻿ / 38.0407; -84.4583﻿ (Lexington),"https://en.wikipedia.org/wiki/Lexington,_Kentucky",http://www.lexingtonky.gov
61,Stockton,California,"310,496","291,707",+6.44%,617,15982,4977,19222,37°58′35″N 121°18′48″W﻿ / ﻿37.9763°N 121.3133°W﻿ / 37.9763; -121.3133﻿ (Stockton),"https://en.wikipedia.org/wiki/Stockton,_California",http://www.stocktongov.com
62,St. Louis,Missouri,"308,626","319,294",−3.34%,620,16062,5023,19392,38°38′09″N 90°14′41″W﻿ / ﻿38.6357°N 90.2446°W﻿ / 38.6357; -90.2446﻿ (St. Louis),https://en.wikipedia.org/wiki/St._Louis,http://stlouis-mo.gov
63,Saint Paul,Minnesota,"306,621","285,068",+7.56%,520,13472,5815,22452,44°56′56″N 93°06′15″W﻿ / ﻿44.9489°N 93.1041°W﻿ / 44.9489; -93.1041﻿ (Saint Paul),"https://en.wikipedia.org/wiki/Saint_Paul,_Minnesota",#cite_note-4
64,Henderson,Nevada,"302,539","257,729",+17.39%,1047,27122,2798,10802,36°00′35″N 115°02′09″W﻿ / ﻿36.0097°N 115.0357°W﻿ / 36.0097; -115.0357﻿ (Henderson),"https://en.wikipedia.org/wiki/Henderson,_Nevada",http://www.cityofhenderson.com
65,Pittsburgh,Pennsylvania,"302,407","305,704",−1.08%,554,14352,5481,21162,40°26′23″N 79°58′36″W﻿ / ﻿40.4398°N 79.9766°W﻿ / 40.4398; -79.9766﻿ (Pittsburgh),https://en.wikipedia.org/wiki/Pittsburgh,#cite_note-PAHMDB-3
66,Cincinnati,Ohio,"301,301","296,943",+1.47%,774,20052,3860,14902,39°08′25″N 84°30′21″W﻿ / ﻿39.1402°N 84.5058°W﻿ / 39.1402; -84.5058﻿ (Cincinnati),https://en.wikipedia.org/wiki/Cincinnati,http://cincinnati-oh.gov
67,Anchorage,Alaska,"294,356","291,826",+0.87%,17066,442012,175,682,61°10′27″N 149°17′03″W﻿ / ﻿61.1743°N 149.2843°W﻿ / 61.1743; -149.2843﻿ (Anchorage),"https://en.wikipedia.org/wiki/Anchorage,_Alaska",http://www.muni.org/
68,Greensboro,North Carolina,"290,222","269,666",+7.62%,1283,33232,2237,8642,36°05′42″N 79°49′37″W﻿ / ﻿36.0951°N 79.8270°W﻿ / 36.0951; -79.8270﻿ (Greensboro),"https://en.wikipedia.org/wiki/Greensboro,_North_Carolina",http://www.greensboro-nc.gov
69,Plano,Texas,"286,143","259,841",+10.12%,717,18572,3990,15402,33°03′03″N 96°44′52″W﻿ / ﻿33.0508°N 96.7479°W﻿ / 33.0508; -96.7479﻿ (Plano),"https://en.wikipedia.org/wiki/Plano,_Texas",https://www.plano.gov
70,Newark,New Jersey,"285,154","277,140",+2.89%,241,6242,11691,45142,40°43′27″N 74°10′21″W﻿ / ﻿40.7242°N 74.1726°W﻿ / 40.7242; -74.1726﻿ (Newark),"https://en.wikipedia.org/wiki/Newark,_New_Jersey",http://newarknj.gov/
71,Lincoln,Nebraska,"284,736","258,379",+10.20%,921,23852,3044,11752,40°48′38″N 96°40′49″W﻿ / ﻿40.8105°N 96.6803°W﻿ / 40.8105; -96.6803﻿ (Lincoln),"https://en.wikipedia.org/wiki/Lincoln,_Nebraska",#cite_note-10
72,Orlando,Florida,"280,257","238,300",+17.61%,1052,27252,2635,10172,28°25′00″N 81°16′25″W﻿ / ﻿28.4166°N 81.2736°W﻿ / 28.4166; -81.2736﻿ (Orlando),"https://en.wikipedia.org/wiki/Orlando,_Florida",http://www.cityoforlando.net
73,Irvine,California,"277,453","212,375",+30.64%,656,16992,4057,15662,33°40′42″N 117°46′17″W﻿ / ﻿33.6784°N 117.7713°W﻿ / 33.6784; -117.7713﻿ (Irvine),"https://en.wikipedia.org/wiki/Irvine,_California",http://cityofirvine.org
74,Toledo,Ohio,"276,491","287,208",−3.73%,807,20902,3451,13322,41°39′51″N 83°34′55″W﻿ / ﻿41.6641°N 83.5819°W﻿ / 41.6641; -83.5819﻿ (Toledo),"https://en.wikipedia.org/wiki/Toledo,_Ohio",http://www.toledo.oh.gov
75,Jersey City,New Jersey,"270,753","247,597",+9.35%,148,3832,17848,68912,40°42′41″N 74°03′53″W﻿ / ﻿40.7114°N 74.0648°W﻿ / 40.7114; -74.0648﻿ (Jersey City),"https://en.wikipedia.org/wiki/Jersey_City,_New_Jersey",http://www.jerseycitynj.gov
76,Chula Vista,California,"270,471","243,916",+10.89%,496,12852,5387,20802,32°37′40″N 117°00′55″W﻿ / ﻿32.6277°N 117.0152°W﻿ / 32.6277; -117.0152﻿ (Chula Vista),"https://en.wikipedia.org/wiki/Chula_Vista,_California",http://www.chulavistaca.gov
77,Durham,North Carolina,"267,743","228,330",+17.26%,1098,28442,2395,9252,35°58′52″N 78°54′10″W﻿ / ﻿35.9811°N 78.9029°W﻿ / 35.9811; -78.9029﻿ (Durham),"https://en.wikipedia.org/wiki/Durham,_North_Carolina",http://durhamnc.gov/
78,Fort Wayne,Indiana,"265,904","253,691",+4.81%,1106,28652,2391,9232,41°05′18″N 85°08′38″W﻿ / ﻿41.0882°N 85.1439°W﻿ / 41.0882; -85.1439﻿ (Fort Wayne),"https://en.wikipedia.org/wiki/Fort_Wayne,_Indiana",http://www.cityoffortwayne.org
79,St. Petersburg,Florida,"263,255","244,769",+7.55%,618,16012,4223,16312,27°45′43″N 82°38′39″W﻿ / ﻿27.7620°N 82.6441°W﻿ / 27.7620; -82.6441﻿ (St. Petersburg),"https://en.wikipedia.org/wiki/St._Petersburg,_Florida",https://www.stpete.org/
80,Laredo,Texas,"260,654","236,091",+10.40%,1011,26182,2544,9822,27°33′37″N 99°29′21″W﻿ / ﻿27.5604°N 99.4892°W﻿ / 27.5604; -99.4892﻿ (Laredo),"https://en.wikipedia.org/wiki/Laredo,_Texas",http://www.laredotexas.gov/
81,Buffalo,New York,"258,612","261,310",−1.03%,404,10462,6359,24552,42°53′33″N 78°51′35″W﻿ / ﻿42.8925°N 78.8597°W﻿ / 42.8925; -78.8597﻿ (Buffalo),"https://en.wikipedia.org/wiki/Buffalo,_New_York",http://www.city-buffalo.com/
82,Madison,Wisconsin,"255,214","233,209",+9.44%,770,19942,3280,12702,43°05′16″N 89°25′48″W﻿ / ﻿43.0878°N 89.4299°W﻿ / 43.0878; -89.4299﻿ (Madison),"https://en.wikipedia.org/wiki/Madison,_Wisconsin",http://cityofmadison.com
83,Lubbock,Texas,"253,888","229,573",+10.59%,1246,32272,2027,7832,33°33′56″N 101°53′12″W﻿ / ﻿33.5656°N 101.8867°W﻿ / 33.5656; -101.8867﻿ (Lubbock),"https://en.wikipedia.org/wiki/Lubbock,_Texas",http://www.ci.lubbock.tx.us
84,Chandler,Arizona,"253,458","236,123",+7.34%,649,16812,3813,14722,33°16′58″N 111°51′18″W﻿ / ﻿33.2829°N 111.8549°W﻿ / 33.2829; -111.8549﻿ (Chandler),"https://en.wikipedia.org/wiki/Chandler,_Arizona",http://www.chandleraz.gov
85,Scottsdale,Arizona,"249,950","217,385",+14.98%,1839,47632,1341,5182,33°41′03″N 111°51′40″W﻿ / ﻿33.6843°N 111.8611°W﻿ / 33.6843; -111.8611﻿ (Scottsdale),"https://en.wikipedia.org/wiki/Scottsdale,_Arizona",http://www.scottsdaleaz.gov
86,Reno,Nevada,"248,853","225,221",+10.49%,1073,27792,2286,8832,39°32′57″N 119°51′00″W﻿ / ﻿39.5491°N 119.8499°W﻿ / 39.5491; -119.8499﻿ (Reno),"https://en.wikipedia.org/wiki/Reno,_Nevada",/wiki/Nevada_Historical_Marker
87,Glendale,Arizona,"246,709","226,721",+8.82%,591,15312,4161,16072,33°31′59″N 112°11′24″W﻿ / ﻿33.5331°N 112.1899°W﻿ / 33.5331; -112.1899﻿ (Glendale),"https://en.wikipedia.org/wiki/Glendale,_Arizona",http://www.glendaleaz.com
88,Norfolk,Virginia,"244,703","242,803",+0.78%,533,13802,4599,17762,36°55′23″N 76°14′41″W﻿ / ﻿36.9230°N 76.2446°W﻿ / 36.9230; -76.2446﻿ (Norfolk),"https://en.wikipedia.org/wiki/Norfolk,_Virginia",http://www.norfolk.gov/
89,Winston–Salem,North Carolina,"244,605","229,617",+6.53%,1325,34322,1828,7062,36°06′10″N 80°15′40″W﻿ / ﻿36.1027°N 80.2610°W﻿ / 36.1027; -80.2610﻿ (Winston-Salem),"https://en.wikipedia.org/wiki/Winston%E2%80%93Salem,_North_Carolina",http://www.cityofws.org
90,North Las Vegas,Nevada,"242,975","216,961",+11.99%,980,25382,2436,9412,36°17′09″N 115°05′38″W﻿ / ﻿36.2857°N 115.0939°W﻿ / 36.2857; -115.0939﻿ (North Las Vegas),"https://en.wikipedia.org/wiki/North_Las_Vegas,_Nevada",http://www.CityOfNorthLasVegas.com
91,Gilbert,Arizona,"242,354","208,453",+16.26%,680,17612,3487,13462,33°18′37″N 111°44′35″W﻿ / ﻿33.3103°N 111.7431°W﻿ / 33.3103; -111.7431﻿ (Gilbert),"https://en.wikipedia.org/wiki/Gilbert,_Arizona",http://www.gilbertaz.gov
92,Chesapeake,Virginia,"240,397","222,209",+8.19%,3385,87672,703,2712,36°40′46″N 76°18′06″W﻿ / ﻿36.6794°N 76.3018°W﻿ / 36.6794; -76.3018﻿ (Chesapeake),"https://en.wikipedia.org/wiki/Chesapeake,_Virginia",http://www.cityofchesapeake.net/
93,Irving,Texas,"240,373","216,290",+11.13%,670,17352,3557,13732,32°51′28″N 96°58′12″W﻿ / ﻿32.8577°N 96.9700°W﻿ / 32.8577; -96.9700﻿ (Irving),"https://en.wikipedia.org/wiki/Irving,_Texas",http://www.cityofirving.org/
94,Hialeah,Florida,"239,673","224,669",+6.68%,215,5572,10995,42452,25°52′12″N 80°18′10″W﻿ / ﻿25.8699°N 80.3029°W﻿ / 25.8699; -80.3029﻿ (Hialeah),"https://en.wikipedia.org/wiki/Hialeah,_Florida",http://www.hialeahfl.gov
95,Garland,Texas,"238,002","226,876",+4.90%,570,14762,4122,15922,32°54′35″N 96°37′49″W﻿ / ﻿32.9098°N 96.6303°W﻿ / 32.9098; -96.6303﻿ (Garland),"https://en.wikipedia.org/wiki/Garland,_Texas",http://www.garlandtx.gov
96,Fremont,California,"234,962","214,089",+9.75%,775,20072,3008,11612,37°29′40″N 121°56′28″W﻿ / ﻿37.4945°N 121.9412°W﻿ / 37.4945; -121.9412﻿ (Fremont),"https://en.wikipedia.org/wiki/Fremont,_California",http://www.fremont.gov
97,Richmond,Virginia,"227,032","204,214",+11.17%,598,15492,3732,14412,37°31′53″N 77°28′34″W﻿ / ﻿37.5314°N 77.4760°W﻿ / 37.5314; -77.4760﻿ (Richmond),"https://en.wikipedia.org/wiki/Richmond,_Virginia","/wiki/Richmond,_London"
98,Boise,Idaho,"226,570","205,671",+10.16%,821,21262,2718,10492,43°36′01″N 116°13′54″W﻿ / ﻿43.6002°N 116.2317°W﻿ / 43.6002; -116.2317﻿ (Boise),"https://en.wikipedia.org/wiki/Boise,_Idaho",http://www.cityofboise.org
99,Baton Rouge,Louisiana,"225,374","229,493",−1.79%,859,22252,2651,10242,30°26′32″N 91°07′51″W﻿ / ﻿30.4422°N 91.1309°W﻿ / 30.4422; -91.1309﻿ (Baton Rouge),"https://en.wikipedia.org/wiki/Baton_Rouge,_Louisiana",http://www.brgov.com
100,Des Moines,Iowa,"217,521","203,433",+6.93%,889,23022,2424,9362,41°34′21″N 93°36′37″W﻿ / ﻿41.5726°N 93.6102°W﻿ / 41.5726; -93.6102﻿ (Des Moines),"https://en.wikipedia.org/wiki/Des_Moines,_Iowa",http://www.dmgov.org/
101,Spokane,Washington,"217,108","208,916",+3.92%,687,17792,3144,12142,47°40′01″N 117°26′00″W﻿ / ﻿47.6669°N 117.4333°W﻿ / 47.6669; -117.4333﻿ (Spokane),"https://en.wikipedia.org/wiki/Spokane,_Washington",http://www.spokanecity.org
102,San Bernardino,California,"216,995","209,924",+3.37%,615,15932,3516,13582,34°08′30″N 117°17′37″W﻿ / ﻿34.1416°N 117.2936°W﻿ / 34.1416; -117.2936﻿ (San Bernardino),"https://en.wikipedia.org/wiki/San_Bernardino,_California",http://sbcity.org
103,Modesto,California,"214,221","201,165",+6.49%,430,11142,4934,19052,37°38′15″N 121°00′11″W﻿ / ﻿37.6375°N 121.0030°W﻿ / 37.6375; -121.0030﻿ (Modesto),"https://en.wikipedia.org/wiki/Modesto,_California",http://www.modestogov.com
104,Tacoma,Washington,"213,418","198,397",+7.57%,497,12872,4251,16412,47°15′08″N 122°27′35″W﻿ / ﻿47.2522°N 122.4598°W﻿ / 47.2522; -122.4598﻿ (Tacoma),"https://en.wikipedia.org/wiki/Tacoma,_Washington",http://www.cityoftacoma.org/
105,Fontana,California,"211,815","196,069",+8.03%,430,11142,4876,18832,34°06′32″N 117°27′46″W﻿ / ﻿34.1090°N 117.4629°W﻿ / 34.1090; -117.4629﻿ (Fontana),"https://en.wikipedia.org/wiki/Fontana,_California",http://fontana.org
106,Santa Clarita,California,"210,888","176,320",+19.61%,528,13682,3446,13312,34°24′11″N 118°30′15″W﻿ / ﻿34.4030°N 118.5042°W﻿ / 34.4030; -118.5042﻿ (Santa Clarita),"https://en.wikipedia.org/wiki/Santa_Clarita,_California",http://www.santa-clarita.com
107,Birmingham,Alabama,"210,710","212,237",−0.72%,1461,37842,1452,5612,33°31′39″N 86°47′56″W﻿ / ﻿33.5274°N 86.7990°W﻿ / 33.5274; -86.7990﻿ (Birmingham),"https://en.wikipedia.org/wiki/Birmingham,_Alabama",http://www.birminghamal.gov/
108,Oxnard,California,"210,037","197,899",+6.13%,269,6972,7729,29842,34°12′08″N 119°12′17″W﻿ / ﻿34.2023°N 119.2046°W﻿ / 34.2023; -119.2046﻿ (Oxnard),"https://en.wikipedia.org/wiki/Oxnard,_California",https://www.oxnard.org
109,Fayetteville,North Carolina,"209,889","200,564",+4.65%,1477,38252,1386,5352,35°04′58″N 78°58′25″W﻿ / ﻿35.0828°N 78.9735°W﻿ / 35.0828; -78.9735﻿ (Fayetteville),"https://en.wikipedia.org/wiki/Fayetteville,_North_Carolina",http://www.ci.fayetteville.nc.us
110,Rochester,New York,"208,046","210,565",−1.20%,358,9272,5835,22532,43°10′12″N 77°37′01″W﻿ / ﻿43.1699°N 77.6169°W﻿ / 43.1699; -77.6169﻿ (Rochester),"https://en.wikipedia.org/wiki/Rochester,_New_York",https://www.cityofrochester.gov
111,Moreno Valley,California,"207,226","193,365",+7.17%,513,13292,4006,15472,33°55′24″N 117°12′21″W﻿ / ﻿33.9233°N 117.2057°W﻿ / 33.9233; -117.2057﻿ (Moreno Valley),"https://en.wikipedia.org/wiki/Moreno_Valley,_California",http://www.moreno-valley.ca.us
112,Glendale,California,"203,054","191,719",+5.91%,304,7872,6606,25512,34°10′53″N 118°14′45″W﻿ / ﻿34.1814°N 118.2458°W﻿ / 34.1814; -118.2458﻿ (Glendale),"https://en.wikipedia.org/wiki/Glendale,_California",http://glendaleca.gov
113,Yonkers,New York,"202,019","195,976",+3.08%,180,4662,11156,43072,40°56′45″N 73°52′03″W﻿ / ﻿40.9459°N 73.8674°W﻿ / 40.9459; -73.8674﻿ (Yonkers),"https://en.wikipedia.org/wiki/Yonkers,_New_York",http://www.yonkersny.gov/
114,Huntington Beach,California,"201,874","189,992",+6.25%,269,6972,7459,28802,33°41′26″N 118°00′33″W﻿ / ﻿33.6906°N 118.0093°W﻿ / 33.6906; -118.0093﻿ (Huntington Beach),"https://en.wikipedia.org/wiki/Huntington_Beach,_California",http://huntingtonbeachca.gov
115,Aurora,Illinois,"200,965","197,899",+1.55%,449,11632,4479,17292,41°45′49″N 88°17′24″W﻿ / ﻿41.7635°N 88.2901°W﻿ / 41.7635; -88.2901﻿ (Aurora),"https://en.wikipedia.org/wiki/Aurora,_Illinois",#cite_note-gnis-5
116,Salt Lake City,Utah,"200,544","186,440",+7.56%,1112,28802,1742,6732,40°46′37″N 111°55′52″W﻿ / ﻿40.7769°N 111.9310°W﻿ / 40.7769; -111.9310﻿ (Salt Lake City),https://en.wikipedia.org/wiki/Salt_Lake_City,http://www.slcgov.com
117,Amarillo,Texas,"199,826","190,695",+4.79%,1014,26262,1968,7602,35°12′00″N 101°49′49″W﻿ / ﻿35.1999°N 101.8302°W﻿ / 35.1999; -101.8302﻿ (Amarillo),"https://en.wikipedia.org/wiki/Amarillo,_Texas",http://www.amarillo.gov
118,Montgomery,Alabama,"199,518","205,764",−3.04%,1598,41392,1252,4832,32°20′50″N 86°15′58″W﻿ / ﻿32.3472°N 86.2661°W﻿ / 32.3472; -86.2661﻿ (Montgomery),"https://en.wikipedia.org/wiki/Montgomery,_Alabama",http://montgomeryal.gov
119,Grand Rapids,Michigan,"198,829","188,040",+5.74%,444,11502,4424,17082,42°57′40″N 85°39′20″W﻿ / ﻿42.9612°N 85.6556°W﻿ / 42.9612; -85.6556﻿ (Grand Rapids),"https://en.wikipedia.org/wiki/Grand_Rapids,_Michigan",http://www.grcity.us/
120,Little Rock,Arkansas,"198,606","193,524",+2.63%,1187,30742,1673,6462,34°43′31″N 92°21′31″W﻿ / ﻿34.7254°N 92.3586°W﻿ / 34.7254; -92.3586﻿ (Little Rock),"https://en.wikipedia.org/wiki/Little_Rock,_Arkansas",http://www.littlerock.gov
121,Akron,Ohio,"197,846","199,110",−0.63%,620,16062,3188,12312,41°04′50″N 81°31′17″W﻿ / ﻿41.0805°N 81.5214°W﻿ / 41.0805; -81.5214﻿ (Akron),"https://en.wikipedia.org/wiki/Akron,_Ohio",http://akronohio.gov
122,Augusta,Georgia,"197,166","195,844",+0.68%,3025,78352,652,2522,33°21′56″N 82°04′24″W﻿ / ﻿33.3655°N 82.0734°W﻿ / 33.3655; -82.0734﻿ (Augusta),"https://en.wikipedia.org/wiki/Augusta,_Georgia",http://www.augustaga.gov
123,Huntsville,Alabama,"194,585","180,105",+8.04%,2134,55272,905,3492,34°41′56″N 86°40′23″W﻿ / ﻿34.6990°N 86.6730°W﻿ / 34.6990; -86.6730﻿ (Huntsville),"https://en.wikipedia.org/wiki/Huntsville,_Alabama",https://www.huntsvilleal.gov/
124,Columbus,Georgia,"194,058","189,885",+2.20%,2164,56052,913,3532,32°30′37″N 84°52′30″W﻿ / ﻿32.5102°N 84.8749°W﻿ / 32.5102; -84.8749﻿ (Columbus),"https://en.wikipedia.org/wiki/Columbus,_Georgia",http://www.columbusga.gov/
125,Grand Prairie,Texas,"193,837","175,396",+10.51%,723,18732,2637,10182,32°41′13″N 97°01′16″W﻿ / ﻿32.6869°N 97.0211°W﻿ / 32.6869; -97.0211﻿ (Grand Prairie),"https://en.wikipedia.org/wiki/Grand_Prairie,_Texas",https://www.gptx.org
126,Shreveport,Louisiana,"192,036","199,311",−3.65%,1071,27742,1820,7002,32°28′01″N 93°47′32″W﻿ / ﻿32.4669°N 93.7922°W﻿ / 32.4669; -93.7922﻿ (Shreveport),"https://en.wikipedia.org/wiki/Shreveport,_Louisiana",http://www.shreveportla.gov
127,Overland Park,Kansas,"191,278","173,372",+10.33%,751,19452,2516,9712,38°53′20″N 94°41′26″W﻿ / ﻿38.8890°N 94.6906°W﻿ / 38.8890; -94.6906﻿ (Overland Park),"https://en.wikipedia.org/wiki/Overland_Park,_Kansas",http://www.opkansas.org
128,Tallahassee,Florida,"191,049","181,376",+5.33%,1004,26002,1901,7342,30°27′18″N 84°15′12″W﻿ / ﻿30.4551°N 84.2534°W﻿ / 30.4551; -84.2534﻿ (Tallahassee),"https://en.wikipedia.org/wiki/Tallahassee,_Florida",http://www.talgov.com
129,Mobile,Alabama,"190,265","195,111",−2.48%,1394,36102,1384,5342,30°40′06″N 88°06′01″W﻿ / ﻿30.6684°N 88.1002°W﻿ / 30.6684; -88.1002﻿ (Mobile),"https://en.wikipedia.org/wiki/Mobile,_Alabama",http://www.cityofmobile.org/
130,Port St. Lucie,Florida,"189,344","164,603",+15.03%,1189,30792,1557,6012,27°16′50″N 80°23′18″W﻿ / ﻿27.2806°N 80.3883°W﻿ / 27.2806; -80.3883﻿ (Port St. Lucie),"https://en.wikipedia.org/wiki/Port_St._Lucie,_Florida",https://www.cityofpsl.com/
131,Knoxville,Tennessee,"187,347","178,874",+4.74%,985,25512,1891,7302,35°58′15″N 83°56′57″W﻿ / ﻿35.9707°N 83.9493°W﻿ / 35.9707; -83.9493﻿ (Knoxville),"https://en.wikipedia.org/wiki/Knoxville,_Tennessee",http://www.knoxvilletn.gov
132,Worcester,Massachusetts,"185,677","181,045",+2.56%,374,9692,4933,19052,42°16′10″N 71°48′28″W﻿ / ﻿42.2695°N 71.8078°W﻿ / 42.2695; -71.8078﻿ (Worcester),"https://en.wikipedia.org/wiki/Worcester,_Massachusetts",http://www.worcesterma.gov
133,Tempe,Arizona,"185,038","161,719",+14.42%,400,10362,4562,17612,33°23′18″N 111°55′54″W﻿ / ﻿33.3884°N 111.9318°W﻿ / 33.3884; -111.9318﻿ (Tempe),"https://en.wikipedia.org/wiki/Tempe,_Arizona",http://www.tempe.gov
134,Cape Coral,Florida,"183,365","154,305",+18.83%,1056,27352,1703,6582,26°38′36″N 81°59′51″W﻿ / ﻿26.6432°N 81.9974°W﻿ / 26.6432; -81.9974﻿ (Cape Coral),"https://en.wikipedia.org/wiki/Cape_Coral,_Florida",http://www.capecoral.net
135,Brownsville,Texas,"183,299","175,023",+4.73%,1325,34322,1387,5362,25°59′57″N 97°27′18″W﻿ / ﻿25.9991°N 97.4550°W﻿ / 25.9991; -97.4550﻿ (Brownsville),"https://en.wikipedia.org/wiki/Brownsville,_Texas",#cite_note-10
136,McKinney,Texas,"181,330","131,117",+38.30%,630,16322,2735,10562,33°11′55″N 96°40′05″W﻿ / ﻿33.1985°N 96.6680°W﻿ / 33.1985; -96.6680﻿ (McKinney),"https://en.wikipedia.org/wiki/McKinney,_Texas",http://www.mckinneytexas.org
137,Providence,Rhode Island,"180,393","178,042",+1.32%,184,4772,9740,37602,41°49′23″N 71°25′08″W﻿ / ﻿41.8231°N 71.4188°W﻿ / 41.8231; -71.4188﻿ (Providence),"https://en.wikipedia.org/wiki/Providence,_Rhode_Island",http://www.providenceri.com
138,Fort Lauderdale,Florida,"180,072","165,521",+8.79%,346,8962,5166,19952,26°08′28″N 80°08′48″W﻿ / ﻿26.1412°N 80.1467°W﻿ / 26.1412; -80.1467﻿ (Fort Lauderdale),"https://en.wikipedia.org/wiki/Fort_Lauderdale,_Florida",http://www.fortlauderdale.gov
139,Newport News,Virginia,"179,388","180,719",−0.74%,691,17902,2631,10162,37°04′34″N 76°31′19″W﻿ / ﻿37.0762°N 76.5220°W﻿ / 37.0762; -76.5220﻿ (Newport News),"https://en.wikipedia.org/wiki/Newport_News,_Virginia",http://www.nnva.gov
140,Chattanooga,Tennessee,"179,139","167,674",+6.84%,1431,37062,1241,4792,35°03′58″N 85°14′54″W﻿ / ﻿35.0660°N 85.2484°W﻿ / 35.0660; -85.2484﻿ (Chattanooga),"https://en.wikipedia.org/wiki/Chattanooga,_Tennessee",http://www.chattanooga.gov/
141,Rancho Cucamonga,California,"177,452","165,269",+7.37%,400,10362,4413,17042,34°07′24″N 117°33′51″W﻿ / ﻿34.1233°N 117.5642°W﻿ / 34.1233; -117.5642﻿ (Rancho Cucamonga),"https://en.wikipedia.org/wiki/Rancho_Cucamonga,_California",http://www.cityofrc.us
142,Frisco,Texas,"177,286","116,989",+51.54%,677,17532,2417,9332,33°09′19″N 96°49′21″W﻿ / ﻿33.1554°N 96.8226°W﻿ / 33.1554; -96.8226﻿ (Frisco),"https://en.wikipedia.org/wiki/Frisco,_Texas",http://www.friscotexas.gov
143,Sioux Falls,South Dakota,"176,888","153,888",+14.95%,754,19532,2312,8932,43°32′18″N 96°43′55″W﻿ / ﻿43.5383°N 96.7320°W﻿ / 43.5383; -96.7320﻿ (Sioux Falls),"https://en.wikipedia.org/wiki/Sioux_Falls,_South_Dakota",http://www.SiouxFalls.org
144,Oceanside,California,"176,193","167,086",+5.45%,413,10702,4249,16412,33°13′28″N 117°18′22″W﻿ / ﻿33.2245°N 117.3062°W﻿ / 33.2245; -117.3062﻿ (Oceanside),"https://en.wikipedia.org/wiki/Oceanside,_California",http://www.ci.oceanside.ca.us
145,Ontario,California,"175,841","163,924",+7.27%,499,12922,3471,13402,34°02′22″N 117°36′15″W﻿ / ﻿34.0394°N 117.6042°W﻿ / 34.0394; -117.6042﻿ (Ontario),"https://en.wikipedia.org/wiki/Ontario,_California",http://www.ontarioca.gov/
146,Vancouver,Washington,"175,673","161,791",+8.58%,469,12152,3728,14392,45°38′06″N 122°35′45″W﻿ / ﻿45.6349°N 122.5957°W﻿ / 45.6349; -122.5957﻿ (Vancouver),"https://en.wikipedia.org/wiki/Vancouver,_Washington",#cite_note-5
147,Santa Rosa,California,"175,269","167,815",+4.44%,413,10702,4241,16372,38°26′48″N 122°42′22″W﻿ / ﻿38.4468°N 122.7061°W﻿ / 38.4468; -122.7061﻿ (Santa Rosa),"https://en.wikipedia.org/wiki/Santa_Rosa,_California",http://ci.santa-rosa.ca.us
148,Garden Grove,California,"174,226","170,883",+1.96%,180,4662,9714,37512,33°46′44″N 117°57′38″W﻿ / ﻿33.7788°N 117.9605°W﻿ / 33.7788; -117.9605﻿ (Garden Grove),"https://en.wikipedia.org/wiki/Garden_Grove,_California",http://www.ggcity.org
149,Elk Grove,California,"171,844","153,015",+12.31%,422,10932,4022,15532,38°24′53″N 121°23′06″W﻿ / ﻿38.4146°N 121.3850°W﻿ / 38.4146; -121.3850﻿ (Elk Grove),"https://en.wikipedia.org/wiki/Elk_Grove,_California",http://elkgrovecity.org
150,Pembroke Pines,Florida,"170,712","154,019",+10.84%,330,8552,5109,19732,26°01′16″N 80°20′25″W﻿ / ﻿26.0210°N 80.3404°W﻿ / 26.0210; -80.3404﻿ (Pembroke Pines),"https://en.wikipedia.org/wiki/Pembroke_Pines,_Florida",http://www.ppines.com/
151,Salem,Oregon,"169,798","154,637",+9.80%,486,12592,3445,13302,44°55′25″N 123°01′24″W﻿ / ﻿44.9237°N 123.0232°W﻿ / 44.9237; -123.0232﻿ (Salem),"https://en.wikipedia.org/wiki/Salem,_Oregon",http://cityofsalem.net
152,Eugene,Oregon,"168,916","156,185",+8.15%,441,11422,3777,14582,44°03′24″N 123°06′58″W﻿ / ﻿44.0567°N 123.1162°W﻿ / 44.0567; -123.1162﻿ (Eugene),"https://en.wikipedia.org/wiki/Eugene,_Oregon",http://www.eugene-or.gov/
153,Peoria,Arizona,"168,181","154,065",+9.16%,1757,45512,934,3612,33°47′10″N 112°18′29″W﻿ / ﻿33.7862°N 112.3080°W﻿ / 33.7862; -112.3080﻿ (Peoria),"https://en.wikipedia.org/wiki/Peoria,_Arizona",http://www.peoriaaz.gov/
154,Corona,California,"167,836","152,374",+10.15%,395,10232,4222,16302,33°51′43″N 117°33′56″W﻿ / ﻿33.8620°N 117.5655°W﻿ / 33.8620; -117.5655﻿ (Corona),"https://en.wikipedia.org/wiki/Corona,_California",http://www.discovercorona.com/
155,Springfield,Missouri,"167,376","159,498",+4.94%,823,21322,2033,7852,37°11′39″N 93°17′29″W﻿ / ﻿37.1942°N 93.2913°W﻿ / 37.1942; -93.2913﻿ (Springfield),"https://en.wikipedia.org/wiki/Springfield,_Missouri",http://www.springfieldmo.gov/
156,Jackson,Mississippi,"166,965","173,514",−3.77%,1110,28752,1524,5882,32°18′57″N 90°12′46″W﻿ / ﻿32.3158°N 90.2128°W﻿ / 32.3158; -90.2128﻿ (Jackson),"https://en.wikipedia.org/wiki/Jackson,_Mississippi",http://www.city-data.com/city/Jackson-Mississippi.html
157,Cary,North Carolina,"165,904","135,234",+22.68%,565,14632,2873,11092,35°46′51″N 78°48′48″W﻿ / ﻿35.7809°N 78.8133°W﻿ / 35.7809; -78.8133﻿ (Cary),"https://en.wikipedia.org/wiki/Cary,_North_Carolina",https://www.townofcary.org
158,Fort Collins,Colorado,"165,080","143,986",+14.65%,558,14452,2943,11362,40°32′54″N 105°03′53″W﻿ / ﻿40.5482°N 105.0648°W﻿ / 40.5482; -105.0648﻿ (Fort Collins),"https://en.wikipedia.org/wiki/Fort_Collins,_Colorado",http://fcgov.com
159,Hayward,California,"160,500","144,186",+11.31%,455,11782,3493,13492,37°37′43″N 122°06′09″W﻿ / ﻿37.6287°N 122.1024°W﻿ / 37.6287; -122.1024﻿ (Hayward),"https://en.wikipedia.org/wiki/Hayward,_California",http://www.hayward-ca.gov
160,Lancaster,California,"160,316","156,633",+2.35%,943,24422,1698,6562,34°41′37″N 118°10′31″W﻿ / ﻿34.6936°N 118.1753°W﻿ / 34.6936; -118.1753﻿ (Lancaster),"https://en.wikipedia.org/wiki/Lancaster,_California",http://www.cityoflancasterca.org
161,Alexandria,Virginia,"160,035","139,966",+14.34%,150,3882,10387,40102,38°49′12″N 77°05′03″W﻿ / ﻿38.8201°N 77.0841°W﻿ / 38.8201; -77.0841﻿ (Alexandria),"https://en.wikipedia.org/wiki/Alexandria,_Virginia",http://www.alexandriava.gov
162,Salinas,California,"157,596","150,441",+4.76%,236,6112,6662,25722,36°41′25″N 121°38′01″W﻿ / ﻿36.6902°N 121.6337°W﻿ / 36.6902; -121.6337﻿ (Salinas),"https://en.wikipedia.org/wiki/Salinas,_California",http://www.cityofsalinas.org
163,Palmdale,California,"157,519","152,750",+3.12%,1060,27452,1484,5732,34°35′28″N 118°06′19″W﻿ / ﻿34.5910°N 118.1054°W﻿ / 34.5910; -118.1054﻿ (Palmdale),"https://en.wikipedia.org/wiki/Palmdale,_California",http://www.cityofpalmdale.org
164,Lakewood,Colorado,"154,958","142,980",+8.38%,429,11112,3599,13902,39°41′56″N 105°07′03″W﻿ / ﻿39.6989°N 105.1176°W﻿ / 39.6989; -105.1176﻿ (Lakewood),"https://en.wikipedia.org/wiki/Lakewood,_Colorado",http://www.ci.lakewood.co.us/
165,Springfield,Massachusetts,"154,758","153,060",+1.11%,319,8262,4830,18602,42°06′56″N 72°32′24″W﻿ / ﻿42.1155°N 72.5400°W﻿ / 42.1155; -72.5400﻿ (Springfield),"https://en.wikipedia.org/wiki/Springfield,_Massachusetts",http://www.springfield-ma.gov
166,Sunnyvale,California,"153,656","140,081",+9.69%,220,5702,6944,26812,37°23′09″N 122°01′35″W﻿ / ﻿37.3858°N 122.0263°W﻿ / 37.3858; -122.0263﻿ (Sunnyvale),"https://en.wikipedia.org/wiki/Sunnyvale,_California",http://sunnyvale.ca.gov
167,Hollywood,Florida,"153,627","140,768",+9.13%,273,7072,5568,21502,26°01′52″N 80°09′53″W﻿ / ﻿26.0310°N 80.1646°W﻿ / 26.0310; -80.1646﻿ (Hollywood),"https://en.wikipedia.org/wiki/Hollywood,_Florida",http://www.hollywoodfl.org/
168,Pasadena,Texas,"153,520","149,043",+3.00%,435,11272,3525,13612,29°39′31″N 95°09′02″W﻿ / ﻿29.6586°N 95.1506°W﻿ / 29.6586; -95.1506﻿ (Pasadena),"https://en.wikipedia.org/wiki/Pasadena,_Texas",http://www.ci.pasadena.tx.us/
169,Clarksville,Tennessee,"153,205","132,929",+15.25%,983,25462,1529,5902,36°33′59″N 87°20′43″W﻿ / ﻿36.5664°N 87.3452°W﻿ / 36.5664; -87.3452﻿ (Clarksville),"https://en.wikipedia.org/wiki/Clarksville,_Tennessee",http://www.cityofclarksville.com/
170,Pomona,California,"152,939","149,058",+2.60%,230,5962,6630,25602,34°03′31″N 117°45′40″W﻿ / ﻿34.0585°N 117.7611°W﻿ / 34.0585; -117.7611﻿ (Pomona),"https://en.wikipedia.org/wiki/Pomona,_California",http://www.ci.pomona.ca.us
171,Kansas City,Kansas,"152,938","145,786",+4.91%,1248,32322,1216,4702,39°07′21″N 94°44′30″W﻿ / ﻿39.1225°N 94.7418°W﻿ / 39.1225; -94.7418﻿ (Kansas City),"https://en.wikipedia.org/wiki/Kansas_City,_Kansas",http://wycokck.org
172,Macon,Georgia,"152,663","91,351",+67.12%,2493,64572,612,2362,32°48′32″N 83°41′39″W﻿ / ﻿32.8088°N 83.6942°W﻿ / 32.8088; -83.6942﻿ (Macon),"https://en.wikipedia.org/wiki/Macon,_Georgia",http://maconbibb.us/
173,Escondido,California,"151,969","143,911",+5.60%,371,9612,4087,15782,33°07′59″N 117°04′26″W﻿ / ﻿33.1331°N 117.0740°W﻿ / 33.1331; -117.0740﻿ (Escondido),"https://en.wikipedia.org/wiki/Escondido,_California",http://www.escondido.org
174,Paterson,New Jersey,"148,678","146,199",+1.70%,84,2182,17500,68002,40°54′53″N 74°09′46″W﻿ / ﻿40.9148°N 74.1628°W﻿ / 40.9148; -74.1628﻿ (Paterson),"https://en.wikipedia.org/wiki/Paterson,_New_Jersey",http://www.patersonnj.gov
175,Joliet,Illinois,"148,462","147,433",+0.70%,644,16682,2302,8892,41°31′04″N 88°08′56″W﻿ / ﻿41.5177°N 88.1488°W﻿ / 41.5177; -88.1488﻿ (Joliet),"https://en.wikipedia.org/wiki/Joliet,_Illinois",#cite_note-2010_cp-5
176,Naperville,Illinois,"147,682","141,853",+4.11%,387,10022,3802,14682,41°44′57″N 88°09′43″W﻿ / ﻿41.7492°N 88.1620°W﻿ / 41.7492; -88.1620﻿ (Naperville),"https://en.wikipedia.org/wiki/Naperville,_Illinois",#cite_note-gnis-4
177,Rockford,Illinois,"147,051","152,871",−3.81%,635,16452,2325,8982,42°15′32″N 89°03′53″W﻿ / ﻿42.2588°N 89.0646°W﻿ / 42.2588; -89.0646﻿ (Rockford),"https://en.wikipedia.org/wiki/Rockford,_Illinois",#cite_note-usgs-5
178,Torrance,California,"146,758","145,438",+0.91%,205,5312,7180,27702,33°50′06″N 118°20′29″W﻿ / ﻿33.8350°N 118.3414°W﻿ / 33.8350; -118.3414﻿ (Torrance),"https://en.wikipedia.org/wiki/Torrance,_California",http://www.torranceca.gov
179,Bridgeport,Connecticut,"146,579","144,229",+1.63%,161,4172,9064,35002,41°11′15″N 73°11′45″W﻿ / ﻿41.1874°N 73.1958°W﻿ / 41.1874; -73.1958﻿ (Bridgeport),"https://en.wikipedia.org/wiki/Bridgeport,_Connecticut",http://bridgeportct.gov/
180,Savannah,Georgia,"146,444","136,286",+7.45%,1036,26832,1417,5472,32°00′09″N 81°09′13″W﻿ / ﻿32.0025°N 81.1536°W﻿ / 32.0025; -81.1536﻿ (Savannah),"https://en.wikipedia.org/wiki/Savannah,_Georgia",http://www.savannahga.gov/
181,Killeen,Texas,"145,482","127,921",+13.73%,535,13862,2680,10302,31°04′40″N 97°43′55″W﻿ / ﻿31.0777°N 97.7320°W﻿ / 31.0777; -97.7320﻿ (Killeen),"https://en.wikipedia.org/wiki/Killeen,_Texas",http://www.killeentexas.gov
182,Bellevue,Washington,"144,444","122,363",+18.05%,335,8682,4221,16302,47°35′52″N 122°09′23″W﻿ / ﻿47.5979°N 122.1565°W﻿ / 47.5979; -122.1565﻿ (Bellevue),"https://en.wikipedia.org/wiki/Bellevue,_Washington",http://www.bellevuewa.gov/
183,Mesquite,Texas,"143,949","139,824",+2.95%,472,12222,3045,11762,32°45′46″N 96°35′20″W﻿ / ﻿32.7629°N 96.5888°W﻿ / 32.7629; -96.5888﻿ (Mesquite),"https://en.wikipedia.org/wiki/Mesquite,_Texas",http://cityofmesquite.com
184,Syracuse,New York,"143,396","145,170",−1.22%,250,6472,5735,22142,43°02′28″N 76°08′37″W﻿ / ﻿43.0410°N 76.1436°W﻿ / 43.0410; -76.1436﻿ (Syracuse),"https://en.wikipedia.org/wiki/Syracuse,_New_York",http://www.syrgov.net
185,McAllen,Texas,"142,696","129,877",+9.87%,584,15132,2435,9402,26°13′56″N 98°14′47″W﻿ / ﻿26.2322°N 98.2464°W﻿ / 26.2322; -98.2464﻿ (McAllen),"https://en.wikipedia.org/wiki/McAllen,_Texas",http://www.mcallen.net
186,Pasadena,California,"142,647","137,122",+4.03%,230,5962,6176,23852,34°09′38″N 118°08′23″W﻿ / ﻿34.1606°N 118.1396°W﻿ / 34.1606; -118.1396﻿ (Pasadena),"https://en.wikipedia.org/wiki/Pasadena,_California",http://www.cityofpasadena.net
187,Orange,California,"140,560","136,416",+3.04%,254,6582,5532,21362,33°47′13″N 117°51′41″W﻿ / ﻿33.7870°N 117.8613°W﻿ / 33.7870; -117.8613﻿ (Orange),"https://en.wikipedia.org/wiki/Orange,_California",http://www.cityoforange.org
188,Fullerton,California,"140,392","135,161",+3.87%,224,5802,6282,24252,33°53′09″N 117°55′41″W﻿ / ﻿33.8857°N 117.9280°W﻿ / 33.8857; -117.9280﻿ (Fullerton),"https://en.wikipedia.org/wiki/Fullerton,_California",http://www.ci.fullerton.ca.us
189,Dayton,Ohio,"140,371","141,527",−0.82%,557,14432,2522,9742,39°46′39″N 84°11′59″W﻿ / ﻿39.7774°N 84.1996°W﻿ / 39.7774; -84.1996﻿ (Dayton),"https://en.wikipedia.org/wiki/Dayton,_Ohio",http://daytonohio.gov
190,Miramar,Florida,"140,328","122,041",+14.98%,294,7612,4709,18182,25°58′37″N 80°20′09″W﻿ / ﻿25.9770°N 80.3358°W﻿ / 25.9770; -80.3358﻿ (Miramar),"https://en.wikipedia.org/wiki/Miramar,_Florida",http://www.miramarfl.gov
191,Olathe,Kansas,"137,472","125,872",+9.22%,609,15772,2225,8592,38°53′03″N 94°49′10″W﻿ / ﻿38.8843°N 94.8195°W﻿ / 38.8843; -94.8195﻿ (Olathe),"https://en.wikipedia.org/wiki/Olathe,_Kansas",http://www.olatheks.org/
192,Thornton,Colorado,"136,978","118,772",+15.33%,357,9252,3829,14782,39°55′10″N 104°56′34″W﻿ / ﻿39.9194°N 104.9428°W﻿ / 39.9194; -104.9428﻿ (Thornton),"https://en.wikipedia.org/wiki/Thornton,_Colorado",http://www.cityofthornton.net/
193,Waco,Texas,"136,436","124,805",+9.32%,890,23052,1510,5802,31°33′36″N 97°11′10″W﻿ / ﻿31.5601°N 97.1860°W﻿ / 31.5601; -97.1860﻿ (Waco),"https://en.wikipedia.org/wiki/Waco,_Texas",http://www.waco-texas.com/
194,Murfreesboro,Tennessee,"136,372","108,755",+25.39%,559,14482,2360,9102,35°51′08″N 86°24′58″W﻿ / ﻿35.8522°N 86.4160°W﻿ / 35.8522; -86.4160﻿ (Murfreesboro),"https://en.wikipedia.org/wiki/Murfreesboro,_Tennessee",http://www.murfreesborotn.gov
195,Denton,Texas,"136,268","113,383",+20.18%,934,24192,1433,5532,33°13′00″N 97°08′29″W﻿ / ﻿33.2166°N 97.1414°W﻿ / 33.2166; -97.1414﻿ (Denton),"https://en.wikipedia.org/wiki/Denton,_Texas",http://www.cityofdenton.com/
196,West Valley City,Utah,"136,170","129,480",+5.17%,355,9192,3847,14852,40°41′19″N 112°00′42″W﻿ / ﻿40.6885°N 112.0118°W﻿ / 40.6885; -112.0118﻿ (West Valley City),"https://en.wikipedia.org/wiki/West_Valley_City,_Utah",http://www.wvc-ut.gov/
197,Midland,Texas,"136,089","111,147",+22.44%,744,19272,1809,6982,32°01′29″N 102°06′49″W﻿ / ﻿32.0246°N 102.1135°W﻿ / 32.0246; -102.1135﻿ (Midland),"https://en.wikipedia.org/wiki/Midland,_Texas",http://www.midlandtexas.gov
198,Carrollton,Texas,"135,710","119,097",+13.95%,363,9402,3674,14192,32°59′18″N 96°53′59″W﻿ / ﻿32.9884°N 96.8998°W﻿ / 32.9884; -96.8998﻿ (Carrollton),"https://en.wikipedia.org/wiki/Carrollton,_Texas",http://www.cityofcarrollton.com
199,Roseville,California,"135,329","118,788",+13.92%,430,11142,3085,11912,38°46′08″N 121°19′08″W﻿ / ﻿38.7690°N 121.3189°W﻿ / 38.7690; -121.3189﻿ (Roseville),"https://en.wikipedia.org/wiki/Roseville,_California",https://geonames.usgs.gov/apex/f?p=gnispq:3:::NO::P3_FID:1659544
200,Warren,Michigan,"135,022","134,056",+0.72%,344,8912,3928,15172,42°29′34″N 83°01′30″W﻿ / ﻿42.4929°N 83.0250°W﻿ / 42.4929; -83.0250﻿ (Warren),"https://en.wikipedia.org/wiki/Warren,_Michigan",http://www.cityofwarren.org/
201,Charleston,South Carolina,"134,875","120,083",+12.32%,1090,28232,1233,4762,32°49′04″N 79°57′32″W﻿ / ﻿32.8179°N 79.9590°W﻿ / 32.8179; -79.9590﻿ (Charleston),"https://en.wikipedia.org/wiki/Charleston,_South_Carolina",http://www.charleston-sc.gov
202,Hampton,Virginia,"134,669","137,436",−2.01%,515,13342,2629,10152,37°02′53″N 76°17′50″W﻿ / ﻿37.0480°N 76.2971°W﻿ / 37.0480; -76.2971﻿ (Hampton),"https://en.wikipedia.org/wiki/Hampton,_Virginia",http://www.hampton.gov
203,Surprise,Arizona,"134,085","117,517",+14.10%,1079,27952,1230,4702,33°40′14″N 112°27′10″W﻿ / ﻿33.6706°N 112.4527°W﻿ / 33.6706; -112.4527﻿ (Surprise),"https://en.wikipedia.org/wiki/Surprise,_Arizona",http://www.surpriseaz.gov
204,Columbia,South Carolina,"133,114","129,272",+2.97%,1335,34582,1006,3882,34°01′45″N 80°53′53″W﻿ / ﻿34.0291°N 80.8980°W﻿ / 34.0291; -80.8980﻿ (Columbia),"https://en.wikipedia.org/wiki/Columbia,_South_Carolina",http://www.columbiasc.net
205,Coral Springs,Florida,"133,037","121,096",+9.86%,238,6162,5465,21102,26°16′15″N 80°15′33″W﻿ / ﻿26.2707°N 80.2593°W﻿ / 26.2707; -80.2593﻿ (Coral Springs),"https://en.wikipedia.org/wiki/Coral_Springs,_Florida",http://www.coralsprings.org/
206,Visalia,California,"133,010","124,442",+6.89%,375,9712,3495,13492,36°19′38″N 119°19′44″W﻿ / ﻿36.3273°N 119.3289°W﻿ / 36.3273; -119.3289﻿ (Visalia),"https://en.wikipedia.org/wiki/Visalia,_California",http://www.ci.visalia.ca.us
207,Sterling Heights,Michigan,"132,631","129,699",+2.26%,365,9452,3628,14012,42°34′52″N 83°01′49″W﻿ / ﻿42.5812°N 83.0303°W﻿ / 42.5812; -83.0303﻿ (Sterling Heights),"https://en.wikipedia.org/wiki/Sterling_Heights,_Michigan",http://www.sterling-heights.net/
208,Gainesville,Florida,"132,249","124,354",+6.35%,623,16142,2112,8152,29°40′44″N 82°20′46″W﻿ / ﻿29.6788°N 82.3461°W﻿ / 29.6788; -82.3461﻿ (Gainesville),"https://en.wikipedia.org/wiki/Gainesville,_Florida",http://www.cityofgainesville.org
209,Cedar Rapids,Iowa,"132,228","126,326",+4.67%,708,18342,1852,7152,41°58′01″N 91°40′40″W﻿ / ﻿41.9670°N 91.6778°W﻿ / 41.9670; -91.6778﻿ (Cedar Rapids),"https://en.wikipedia.org/wiki/Cedar_Rapids,_Iowa",http://www.cedar-rapids.org/
210,New Haven,Connecticut,"131,014","129,779",+0.95%,187,4842,6948,26832,41°18′39″N 72°55′30″W﻿ / ﻿41.3108°N 72.9250°W﻿ / 41.3108; -72.9250﻿ (New Haven),"https://en.wikipedia.org/wiki/New_Haven,_Connecticut",http://www.newhavenct.gov
211,Stamford,Connecticut,"130,824","122,643",+6.67%,376,9742,3434,13262,41°04′48″N 73°32′46″W﻿ / ﻿41.0799°N 73.5460°W﻿ / 41.0799; -73.5460﻿ (Stamford),"https://en.wikipedia.org/wiki/Stamford,_Connecticut",http://www.stamfordct.gov/
212,Elizabeth,New Jersey,"130,215","124,969",+4.20%,123,3192,10459,40382,40°39′59″N 74°11′37″W﻿ / ﻿40.6664°N 74.1935°W﻿ / 40.6664; -74.1935﻿ (Elizabeth),"https://en.wikipedia.org/wiki/Elizabeth,_New_Jersey",http://www.elizabethnj.org/
213,Concord,California,"129,783","122,067",+6.32%,305,7902,4221,16302,37°58′20″N 122°00′06″W﻿ / ﻿37.9722°N 122.0016°W﻿ / 37.9722; -122.0016﻿ (Concord),"https://en.wikipedia.org/wiki/Concord,_California",http://www.ci.concord.ca.us
214,Thousand Oaks,California,"128,995","126,683",+1.83%,552,14302,2335,9022,34°11′36″N 118°52′27″W﻿ / ﻿34.1933°N 118.8742°W﻿ / 34.1933; -118.8742﻿ (Thousand Oaks),"https://en.wikipedia.org/wiki/Thousand_Oaks,_California",http://www.toaks.org
215,Kent,Washington,"128,458","92,411",+39.01%,337,8732,3784,14612,47°23′17″N 122°12′46″W﻿ / ﻿47.3880°N 122.2127°W﻿ / 47.3880; -122.2127﻿ (Kent),"https://en.wikipedia.org/wiki/Kent,_Washington",http://www.kentwa.gov/
216,Santa Clara,California,"127,134","116,468",+9.16%,184,4772,6845,26432,37°21′53″N 121°58′04″W﻿ / ﻿37.3646°N 121.9679°W﻿ / 37.3646; -121.9679﻿ (Santa Clara),"https://en.wikipedia.org/wiki/Santa_Clara,_California",http://SantaClaraCA.gov
217,Simi Valley,California,"126,878","124,237",+2.13%,415,10752,3044,11752,34°16′01″N 118°44′55″W﻿ / ﻿34.2669°N 118.7485°W﻿ / 34.2669; -118.7485﻿ (Simi Valley),"https://en.wikipedia.org/wiki/Simi_Valley,_California",http://www.simivalley.org
218,Lafayette,Louisiana,"126,848","120,623",+5.16%,538,13932,2372,9162,30°12′27″N 92°01′43″W﻿ / ﻿30.2074°N 92.0285°W﻿ / 30.2074; -92.0285﻿ (Lafayette),"https://en.wikipedia.org/wiki/Lafayette,_Louisiana",/wiki/Help:Maintenance_template_removal
219,Topeka,Kansas,"126,587","127,473",−0.70%,615,15932,2062,7962,39°02′05″N 95°41′46″W﻿ / ﻿39.0347°N 95.6962°W﻿ / 39.0347; -95.6962﻿ (Topeka),"https://en.wikipedia.org/wiki/Topeka,_Kansas",http://www.topeka.org
220,Athens,Georgia,"125,691","115,452",+8.87%,1164,30152,1060,4102,33°56′59″N 83°22′12″W﻿ / ﻿33.9496°N 83.3701°W﻿ / 33.9496; -83.3701﻿ (Athens),"https://en.wikipedia.org/wiki/Athens,_Georgia",http://www.athensclarkecounty.com/
221,Round Rock,Texas,"123,678","99,887",+23.82%,356,9222,3396,13112,30°31′31″N 97°39′58″W﻿ / ﻿30.5252°N 97.6660°W﻿ / 30.5252; -97.6660﻿ (Round Rock),"https://en.wikipedia.org/wiki/Round_Rock,_Texas",http://www.roundrocktexas.gov/
222,Hartford,Connecticut,"123,400","124,775",−1.10%,174,4512,7083,27352,41°45′57″N 72°40′54″W﻿ / ﻿41.7659°N 72.6816°W﻿ / 41.7659; -72.6816﻿ (Hartford),"https://en.wikipedia.org/wiki/Hartford,_Connecticut",http://www.hartford.gov
223,Norman,Oklahoma,"122,843","110,925",+10.74%,1788,46312,683,2642,35°14′26″N 97°20′43″W﻿ / ﻿35.2406°N 97.3453°W﻿ / 35.2406; -97.3453﻿ (Norman),"https://en.wikipedia.org/wiki/Norman,_Oklahoma",http://www.ci.norman.ok.us
224,Victorville,California,"122,441","115,903",+5.64%,733,18982,1668,6442,34°31′40″N 117°21′13″W﻿ / ﻿34.5277°N 117.3536°W﻿ / 34.5277; -117.3536﻿ (Victorville),"https://en.wikipedia.org/wiki/Victorville,_California",http://www.victorvilleca.gov/
225,Fargo,North Dakota,"122,359","105,549",+15.93%,493,12772,2450,9502,46°51′55″N 96°49′44″W﻿ / ﻿46.8652°N 96.8290°W﻿ / 46.8652; -96.8290﻿ (Fargo),"https://en.wikipedia.org/wiki/Fargo,_North_Dakota",http://www.cityoffargo.com
226,Berkeley,California,"122,324","112,580",+8.66%,105,2722,11547,44582,37°52′01″N 122°17′57″W﻿ / ﻿37.8670°N 122.2991°W﻿ / 37.8670; -122.2991﻿ (Berkeley),"https://en.wikipedia.org/wiki/Berkeley,_California",http://www.cityofberkeley.info
227,Vallejo,California,"122,105","115,942",+5.32%,307,7952,3951,15252,38°06′28″N 122°15′50″W﻿ / ﻿38.1079°N 122.2640°W﻿ / 38.1079; -122.2640﻿ (Vallejo),"https://en.wikipedia.org/wiki/Vallejo,_California",http://www.ci.vallejo.ca.us
228,Abilene,Texas,"121,885","117,063",+4.12%,1067,27642,1146,4422,32°27′16″N 99°44′17″W﻿ / ﻿32.4545°N 99.7381°W﻿ / 32.4545; -99.7381﻿ (Abilene),"https://en.wikipedia.org/wiki/Abilene,_Texas",http://abilenetx.com
229,Columbia,Missouri,"121,717","108,500",+12.18%,650,16832,1856,7172,38°57′06″N 92°19′43″W﻿ / ﻿38.951561°N 92.328638°W﻿ / 38.951561; -92.328638﻿ (Columbia),"https://en.wikipedia.org/wiki/Columbia,_Missouri",#cite_note-dpmpnc-9
230,Ann Arbor,Michigan,"121,477","113,934",+6.62%,281,7282,4298,16592,42°16′34″N 83°43′51″W﻿ / ﻿42.2761°N 83.7309°W﻿ / 42.2761; -83.7309﻿ (Ann Arbor),"https://en.wikipedia.org/wiki/Ann_Arbor,_Michigan",http://www.a2gov.org/
231,Allentown,Pennsylvania,"121,283","118,032",+2.75%,175,4532,6882,26572,40°35′37″N 75°28′42″W﻿ / ﻿40.5936°N 75.4784°W﻿ / 40.5936; -75.4784﻿ (Allentown),"https://en.wikipedia.org/wiki/Allentown,_Pennsylvania",http://www.allentownpa.gov/
232,Pearland,Texas,"119,940","91,252",+31.44%,463,11992,2453,9472,29°33′21″N 95°19′23″W﻿ / ﻿29.5558°N 95.3231°W﻿ / 29.5558; -95.3231﻿ (Pearland),"https://en.wikipedia.org/wiki/Pearland,_Texas",http://www.cityofpearland.com
233,Beaumont,Texas,"119,114","118,296",+0.69%,821,21262,1441,5562,30°05′06″N 94°08′43″W﻿ / ﻿30.0849°N 94.1453°W﻿ / 30.0849; -94.1453﻿ (Beaumont),"https://en.wikipedia.org/wiki/Beaumont,_Texas",http://beaumonttexas.gov
234,Wilmington,North Carolina,"119,045","106,476",+11.80%,516,13362,2278,8802,34°12′33″N 77°53′09″W﻿ / ﻿34.2092°N 77.8858°W﻿ / 34.2092; -77.8858﻿ (Wilmington),"https://en.wikipedia.org/wiki/Wilmington,_North_Carolina",http://www.wilmingtonnc.gov/
235,Evansville,Indiana,"118,930","117,429",+1.28%,473,12252,2526,9752,37°59′16″N 87°32′05″W﻿ / ﻿37.9877°N 87.5347°W﻿ / 37.9877; -87.5347﻿ (Evansville),"https://en.wikipedia.org/wiki/Evansville,_Indiana",http://www.evansvillegov.org
236,Arvada,Colorado,"118,807","106,433",+11.63%,386,10002,3043,11752,39°50′01″N 105°09′01″W﻿ / ﻿39.8337°N 105.1503°W﻿ / 39.8337; -105.1503﻿ (Arvada),"https://en.wikipedia.org/wiki/Arvada,_Colorado",http://arvada.org
237,Provo,Utah,"117,335","112,488",+4.31%,417,10802,2803,10822,40°14′43″N 111°38′41″W﻿ / ﻿40.2453°N 111.6448°W﻿ / 40.2453; -111.6448﻿ (Provo),"https://en.wikipedia.org/wiki/Provo,_Utah",http://www.provo.org/
238,Independence,Missouri,"117,306","116,830",+0.41%,778,20152,1504,5812,39°05′08″N 94°21′08″W﻿ / ﻿39.0855°N 94.3521°W﻿ / 39.0855; -94.3521﻿ (Independence),"https://en.wikipedia.org/wiki/Independence,_Missouri",http://www.indepmo.org
239,Lansing,Michigan,"116,986","114,297",+2.35%,391,10132,2967,11462,42°42′51″N 84°33′33″W﻿ / ﻿42.7143°N 84.5593°W﻿ / 42.7143; -84.5593﻿ (Lansing),"https://en.wikipedia.org/wiki/Lansing,_Michigan",http://www.lansingmi.gov
240,Odessa,Texas,"116,861","99,940",+16.93%,452,11712,2608,10072,31°53′02″N 102°20′28″W﻿ / ﻿31.8838°N 102.3411°W﻿ / 31.8838; -102.3411﻿ (Odessa),"https://en.wikipedia.org/wiki/Odessa,_Texas",http://www.odessa-tx.gov/
241,Richardson,Texas,"116,783","99,223",+17.70%,286,7412,3963,15302,32°58′20″N 96°42′29″W﻿ / ﻿32.9723°N 96.7081°W﻿ / 32.9723; -96.7081﻿ (Richardson),"https://en.wikipedia.org/wiki/Richardson,_Texas",https://www.cor.net
242,Fairfield,California,"116,266","105,321",+10.39%,409,10592,2806,10832,38°15′33″N 122°01′56″W﻿ / ﻿38.2593°N 122.0321°W﻿ / 38.2593; -122.0321﻿ (Fairfield),"https://en.wikipedia.org/wiki/Fairfield,_California",http://www.fairfield.ca.gov
243,El Monte,California,"116,109","113,475",+2.32%,96,2492,12063,46582,34°04′29″N 118°01′45″W﻿ / ﻿34.0746°N 118.0291°W﻿ / 34.0746; -118.0291﻿ (El Monte),"https://en.wikipedia.org/wiki/El_Monte,_California",http://ci.el-monte.ca.us
244,Rochester,Minnesota,"115,733","106,769",+8.40%,546,14142,2088,8062,44°00′55″N 92°28′38″W﻿ / ﻿44.0154°N 92.4772°W﻿ / 44.0154; -92.4772﻿ (Rochester),"https://en.wikipedia.org/wiki/Rochester,_Minnesota",http://www.rochestermn.gov
245,Clearwater,Florida,"115,513","107,685",+7.27%,259,6712,4415,17052,27°58′44″N 82°46′00″W﻿ / ﻿27.9789°N 82.7666°W﻿ / 27.9789; -82.7666﻿ (Clearwater),"https://en.wikipedia.org/wiki/Clearwater,_Florida",http://www.myclearwater.com
246,Carlsbad,California,"115,330","105,328",+9.50%,377,9762,3023,11672,33°07′26″N 117°16′58″W﻿ / ﻿33.1239°N 117.2828°W﻿ / 33.1239; -117.2828﻿ (Carlsbad),"https://en.wikipedia.org/wiki/Carlsbad,_California",http://www.carlsbadca.gov
247,Springfield,Illinois,"114,868","116,250",−1.19%,601,15572,1925,7432,39°47′28″N 89°38′41″W﻿ / ﻿39.7911°N 89.6446°W﻿ / 39.7911; -89.6446﻿ (Springfield),"https://en.wikipedia.org/wiki/Springfield,_Illinois",#cite_note-gnis-8
248,Temecula,California,"114,327","100,097",+14.22%,373,9662,3031,11702,33°29′35″N 117°07′54″W﻿ / ﻿33.4931°N 117.1317°W﻿ / 33.4931; -117.1317﻿ (Temecula),"https://en.wikipedia.org/wiki/Temecula,_California",http://temeculaca.gov
249,West Jordan,Utah,"113,905","103,712",+9.83%,323,8372,3520,13602,40°36′09″N 112°00′03″W﻿ / ﻿40.6024°N 112.0008°W﻿ / 40.6024; -112.0008﻿ (West Jordan),"https://en.wikipedia.org/wiki/West_Jordan,_Utah",http://www.westjordan.utah.gov/
250,Costa Mesa,California,"113,825","109,960",+3.51%,157,4072,7186,27752,33°39′57″N 117°54′44″W﻿ / ﻿33.6659°N 117.9123°W﻿ / 33.6659; -117.9123﻿ (Costa Mesa),"https://en.wikipedia.org/wiki/Costa_Mesa,_California",http://www.costamesaca.gov
251,Miami Gardens,Florida,"113,750","107,167",+6.14%,182,4712,6212,23982,25°56′56″N 80°14′37″W﻿ / ﻿25.9489°N 80.2436°W﻿ / 25.9489; -80.2436﻿ (Miami Gardens),"https://en.wikipedia.org/wiki/Miami_Gardens,_Florida",http://www.miamigardens-fl.gov/
252,Cambridge,Massachusetts,"113,630","105,162",+8.05%,64,1662,17289,66752,42°22′34″N 71°07′07″W﻿ / ﻿42.3760°N 71.1187°W﻿ / 42.3760; -71.1187﻿ (Cambridge),"https://en.wikipedia.org/wiki/Cambridge,_Massachusetts",http://cambridgema.gov
253,College Station,Texas,"113,564","93,857",+21.00%,510,13212,2199,8492,30°35′07″N 96°17′47″W﻿ / ﻿30.5852°N 96.2964°W﻿ / 30.5852; -96.2964﻿ (College Station),"https://en.wikipedia.org/wiki/College_Station,_Texas",/wiki/File:CollegeStationLogo.JPG
254,Murrieta,California,"113,326","103,466",+9.53%,336,8702,3324,12832,33°34′20″N 117°11′25″W﻿ / ﻿33.5721°N 117.1904°W﻿ / 33.5721; -117.1904﻿ (Murrieta),"https://en.wikipedia.org/wiki/Murrieta,_California",http://www.murrieta.org
255,Downey,California,"113,092","111,772",+1.18%,124,3212,9134,35272,33°56′18″N 118°07′51″W﻿ / ﻿33.9382°N 118.1309°W﻿ / 33.9382; -118.1309﻿ (Downey),"https://en.wikipedia.org/wiki/Downey,_California",http://www.downeyca.org
256,Peoria,Illinois,"112,883","115,007",−1.85%,482,12482,2371,9152,40°45′05″N 89°37′03″W﻿ / ﻿40.7515°N 89.6174°W﻿ / 40.7515; -89.6174﻿ (Peoria),"https://en.wikipedia.org/wiki/Peoria,_Illinois",http://www.peoriagov.org
257,Westminster,Colorado,"112,812","106,114",+6.31%,317,8212,3592,13872,39°52′56″N 105°03′52″W﻿ / ﻿39.8822°N 105.0644°W﻿ / 39.8822; -105.0644﻿ (Westminster),"https://en.wikipedia.org/wiki/Westminster,_Colorado",http://www.cityofwestminster.us
258,Elgin,Illinois,"112,456","108,188",+3.94%,374,9692,2998,11582,42°02′23″N 88°19′18″W﻿ / ﻿42.0396°N 88.3217°W﻿ / 42.0396; -88.3217﻿ (Elgin),"https://en.wikipedia.org/wiki/Elgin,_Illinois",http://cityofelgin.org
259,Antioch,California,"111,674","102,372",+9.09%,294,7612,3772,14562,37°58′45″N 121°47′46″W﻿ / ﻿37.9791°N 121.7962°W﻿ / 37.9791; -121.7962﻿ (Antioch),"https://en.wikipedia.org/wiki/Antioch,_California",http://www.ci.antioch.ca.us
260,Palm Bay,Florida,"111,657","103,190",+8.21%,657,17022,1676,6472,27°59′08″N 80°39′45″W﻿ / ﻿27.9856°N 80.6626°W﻿ / 27.9856; -80.6626﻿ (Palm Bay),"https://en.wikipedia.org/wiki/Palm_Bay,_Florida",http://www.palmbayflorida.org/
261,High Point,North Carolina,"111,513","104,371",+6.84%,552,14302,2015,7782,35°59′24″N 79°59′26″W﻿ / ﻿35.9900°N 79.9905°W﻿ / 35.9900; -79.9905﻿ (High Point),"https://en.wikipedia.org/wiki/High_Point,_North_Carolina",http://www.highpointnc.gov
262,Lowell,Massachusetts,"111,346","106,519",+4.53%,136,3522,8129,31392,42°38′20″N 71°19′16″W﻿ / ﻿42.6390°N 71.3211°W﻿ / 42.6390; -71.3211﻿ (Lowell),"https://en.wikipedia.org/wiki/Lowell,_Massachusetts",http://www.lowellma.gov/
263,Manchester,New Hampshire,"111,196","109,565",+1.49%,331,8572,3339,12892,42°59′06″N 71°26′39″W﻿ / ﻿42.9849°N 71.4441°W﻿ / 42.9849; -71.4441﻿ (Manchester),"https://en.wikipedia.org/wiki/Manchester,_New_Hampshire",http://www.manchesternh.gov
264,Pueblo,Colorado,"111,127","106,595",+4.25%,536,13882,2058,7952,38°16′12″N 104°36′44″W﻿ / ﻿38.2699°N 104.6123°W﻿ / 38.2699; -104.6123﻿ (Pueblo),"https://en.wikipedia.org/wiki/Pueblo,_Colorado",http://www.pueblo.us/
265,Gresham,Oregon,"111,053","105,594",+5.17%,233,6032,4786,18482,45°30′08″N 122°26′30″W﻿ / ﻿45.5023°N 122.4416°W﻿ / 45.5023; -122.4416﻿ (Gresham),"https://en.wikipedia.org/wiki/Gresham,_Oregon",http://www.greshamoregon.gov/
266,North Charleston,South Carolina,"110,861","97,471",+13.74%,737,19092,1483,5732,32°55′04″N 80°03′54″W﻿ / ﻿32.9178°N 80.0650°W﻿ / 32.9178; -80.0650﻿ (North Charleston),"https://en.wikipedia.org/wiki/North_Charleston,_South_Carolina",http://www.northcharleston.org
267,Ventura,California,"110,790","106,433",+4.09%,218,5652,5027,19412,34°16′04″N 119°15′15″W﻿ / ﻿34.2678°N 119.2542°W﻿ / 34.2678; -119.2542﻿ (Ventura),"https://en.wikipedia.org/wiki/Ventura,_California",http://cityofventura.net
268,Inglewood,California,"110,598","109,673",+0.84%,91,2362,12160,47002,33°57′22″N 118°20′39″W﻿ / ﻿33.9561°N 118.3443°W﻿ / 33.9561; -118.3443﻿ (Inglewood),"https://en.wikipedia.org/wiki/Inglewood,_California",http://www.cityofinglewood.org
269,Pompano Beach,Florida,"110,473","99,845",+10.64%,240,6222,4558,17602,26°14′30″N 80°08′02″W﻿ / ﻿26.2416°N 80.1339°W﻿ / 26.2416; -80.1339﻿ (Pompano Beach),"https://en.wikipedia.org/wiki/Pompano_Beach,_Florida",http://www.pompanobeachfl.gov
270,Centennial,Colorado,"110,250","100,377",+9.84%,295,7642,3727,14392,39°35′26″N 104°52′09″W﻿ / ﻿39.5906°N 104.8691°W﻿ / 39.5906; -104.8691﻿ (Centennial),"https://en.wikipedia.org/wiki/Centennial,_Colorado",/wiki/Colorado
271,West Palm Beach,Florida,"110,222","99,919",+10.31%,551,14272,1963,7582,26°44′47″N 80°07′30″W﻿ / ﻿26.7464°N 80.1251°W﻿ / 26.7464; -80.1251﻿ (West Palm Beach),"https://en.wikipedia.org/wiki/West_Palm_Beach,_Florida",http://wpb.org/
272,Everett,Washington,"110,079","103,019",+6.85%,333,8622,3275,12642,47°57′24″N 122°11′29″W﻿ / ﻿47.9566°N 122.1914°W﻿ / 47.9566; -122.1914﻿ (Everett),"https://en.wikipedia.org/wiki/Everett,_Washington",http://everettwa.gov
273,Richmond,California,"110,040","103,701",+6.11%,301,7802,3648,14092,37°57′08″N 122°21′38″W﻿ / ﻿37.9523°N 122.3606°W﻿ / 37.9523; -122.3606﻿ (Richmond),"https://en.wikipedia.org/wiki/Richmond,_California",http://www.ci.richmond.ca.us
274,Clovis,California,"109,691","95,631",+14.70%,242,6272,4404,17002,36°49′42″N 119°41′06″W﻿ / ﻿36.8282°N 119.6849°W﻿ / 36.8282; -119.6849﻿ (Clovis),"https://en.wikipedia.org/wiki/Clovis,_California",http://www.ci.clovis.ca.us
275,Billings,Montana,"109,642","104,170",+5.25%,437,11322,2525,9752,45°47′19″N 108°33′00″W﻿ / ﻿45.7885°N 108.5499°W﻿ / 45.7885; -108.5499﻿ (Billings),"https://en.wikipedia.org/wiki/Billings,_Montana",http://www.cityofbillings.net/
276,Waterbury,Connecticut,"108,629","110,366",−1.57%,285,7382,3799,14672,41°33′31″N 73°02′12″W﻿ / ﻿41.5585°N 73.0367°W﻿ / 41.5585; -73.0367﻿ (Waterbury),"https://en.wikipedia.org/wiki/Waterbury,_Connecticut",http://www.waterburyct.org
277,Broken Arrow,Oklahoma,"108,303","98,850",+9.56%,617,15982,1741,6722,36°02′11″N 95°46′52″W﻿ / ﻿36.0365°N 95.7810°W﻿ / 36.0365; -95.7810﻿ (Broken Arrow),"https://en.wikipedia.org/wiki/Broken_Arrow,_Oklahoma",http://www.brokenarrowok.gov
278,Lakeland,Florida,"108,054","97,422",+10.91%,659,17072,1615,6242,28°03′20″N 81°57′18″W﻿ / ﻿28.0555°N 81.9549°W﻿ / 28.0555; -81.9549﻿ (Lakeland),"https://en.wikipedia.org/wiki/Lakeland,_Florida",/wiki/Chongming_County
279,West Covina,California,"107,598","106,098",+1.41%,160,4142,6740,26002,34°03′21″N 117°54′36″W﻿ / ﻿34.0559°N 117.9099°W﻿ / 34.0559; -117.9099﻿ (West Covina),"https://en.wikipedia.org/wiki/West_Covina,_California",http://www.westcovina.org
280,Boulder,Colorado,"107,125","97,385",+10.00%,248,6422,4358,16832,40°01′37″N 105°15′07″W﻿ / ﻿40.0270°N 105.2519°W﻿ / 40.0270; -105.2519﻿ (Boulder),"https://en.wikipedia.org/wiki/Boulder,_Colorado",http://bouldercolorado.gov
281,Daly City,California,"107,074","101,123",+5.88%,76,1972,14009,54092,37°42′03″N 122°27′54″W﻿ / ﻿37.7009°N 122.4650°W﻿ / 37.7009; -122.4650﻿ (Daly City),"https://en.wikipedia.org/wiki/Daly_City,_California",http://www.dalycity.org
282,Santa Maria,California,"107,014","99,553",+7.49%,228,5912,4662,18002,34°56′00″N 120°26′38″W﻿ / ﻿34.9332°N 120.4438°W﻿ / 34.9332; -120.4438﻿ (Santa Maria),"https://en.wikipedia.org/wiki/Santa_Maria,_California",http://www.ci.santa-maria.ca.us
283,Hillsboro,Oregon,"106,894","91,611",+16.68%,250,6472,4207,16242,45°31′41″N 122°56′09″W﻿ / ﻿45.5280°N 122.9357°W﻿ / 45.5280; -122.9357﻿ (Hillsboro),"https://en.wikipedia.org/wiki/Hillsboro,_Oregon",http://www.hillsboro-oregon.gov/
284,Sandy Springs,Georgia,"106,739","93,853",+13.73%,377,9762,2804,10832,33°55′53″N 84°22′07″W﻿ / ﻿33.9315°N 84.3687°W﻿ / 33.9315; -84.3687﻿ (Sandy Springs),"https://en.wikipedia.org/wiki/Sandy_Springs,_Georgia",http://www.sandyspringsga.gov
285,Norwalk,California,"106,084","105,549",+0.51%,97,2512,10946,42262,33°54′27″N 118°05′01″W﻿ / ﻿33.9076°N 118.0835°W﻿ / 33.9076; -118.0835﻿ (Norwalk),"https://en.wikipedia.org/wiki/Norwalk,_California",http://www.norwalk.org
286,Jurupa Valley,California,"106,028",0,NA[ab],429,11112,2414,9322,34°00′09″N 117°28′03″W﻿ / ﻿34.0026°N 117.4676°W﻿ / 34.0026; -117.4676﻿ (Jurupa Valley),"https://en.wikipedia.org/wiki/Jurupa_Valley,_California",http://jurupavalley.org
287,Lewisville,Texas,"106,021","95,290",+11.26%,367,9512,2852,11012,33°02′48″N 96°58′54″W﻿ / ﻿33.0466°N 96.9818°W﻿ / 33.0466; -96.9818﻿ (Lewisville),"https://en.wikipedia.org/wiki/Lewisville,_Texas",http://www.cityoflewisville.com
288,Greeley,Colorado,"105,448","92,889",+13.52%,478,12382,2176,8402,40°24′55″N 104°46′11″W﻿ / ﻿40.4153°N 104.7697°W﻿ / 40.4153; -104.7697﻿ (Greeley),"https://en.wikipedia.org/wiki/Greeley,_Colorado",http://greeleygov.com
289,Davie,Florida,"105,149","91,992",+14.30%,349,9042,2919,11272,26°04′45″N 80°17′06″W﻿ / ﻿26.0791°N 80.2850°W﻿ / 26.0791; -80.2850﻿ (Davie),"https://en.wikipedia.org/wiki/Davie,_Florida",http://www.davie-fl.gov
290,Green Bay,Wisconsin,"105,116","104,057",+1.02%,454,11762,2316,8942,44°31′15″N 87°59′03″W﻿ / ﻿44.5207°N 87.9842°W﻿ / 44.5207; -87.9842﻿ (Green Bay),"https://en.wikipedia.org/wiki/Green_Bay,_Wisconsin",http://greenbaywi.gov
291,Tyler,Texas,"104,991","96,900",+8.35%,566,14662,1852,7152,32°19′02″N 95°18′21″W﻿ / ﻿32.3173°N 95.3059°W﻿ / 32.3173; -95.3059﻿ (Tyler),"https://en.wikipedia.org/wiki/Tyler,_Texas",http://www.cityoftyler.org
292,League City,Texas,"104,903","83,560",+25.54%,512,13262,1992,7692,29°29′24″N 95°06′33″W﻿ / ﻿29.4901°N 95.1091°W﻿ / 29.4901; -95.1091﻿ (League City),"https://en.wikipedia.org/wiki/League_City,_Texas",http://www.leaguecitytx.gov/
293,Burbank,California,"104,834","103,340",+1.45%,174,4512,6003,23182,34°11′24″N 118°19′35″W﻿ / ﻿34.1901°N 118.3264°W﻿ / 34.1901; -118.3264﻿ (Burbank),"https://en.wikipedia.org/wiki/Burbank,_California",http://www.burbankca.gov
294,San Mateo,California,"104,748","97,207",+7.76%,121,3132,8592,33172,37°33′37″N 122°18′38″W﻿ / ﻿37.5603°N 122.3106°W﻿ / 37.5603; -122.3106﻿ (San Mateo),"https://en.wikipedia.org/wiki/San_Mateo,_California",http://www.cityofsanmateo.org
295,Wichita Falls,Texas,"104,747","104,553",+0.19%,722,18702,1450,5602,33°54′24″N 98°31′33″W﻿ / ﻿33.9067°N 98.5259°W﻿ / 33.9067; -98.5259﻿ (Wichita Falls),"https://en.wikipedia.org/wiki/Wichita_Falls,_Texas",http://www.wichitafallstx.gov
296,El Cajon,California,"103,894","99,478",+4.44%,145,3762,7156,27632,32°48′06″N 116°57′37″W﻿ / ﻿32.8017°N 116.9604°W﻿ / 32.8017; -116.9604﻿ (El Cajon),"https://en.wikipedia.org/wiki/El_Cajon,_California",http://www.ci.el-cajon.ca.us
297,Rialto,California,"103,562","99,171",+4.43%,223,5782,4633,17892,34°06′42″N 117°23′18″W﻿ / ﻿34.1118°N 117.3883°W﻿ / 34.1118; -117.3883﻿ (Rialto),"https://en.wikipedia.org/wiki/Rialto,_California",http://www.rialtoca.gov
298,Lakewood,New Jersey,"102,682","92,843",+10.60%,247,6402,4079,15752,40°04′38″N 74°12′01″W﻿ / ﻿40.0771°N 74.2004°W﻿ / 40.0771; -74.2004﻿ (Lakewood),"https://en.wikipedia.org/wiki/Lakewood_Township,_New_Jersey",http://www.lakewoodnj.gov/
299,Edison,New Jersey,"102,450","99,967",+2.48%,301,7802,3389,13092,40°30′14″N 74°20′58″W﻿ / ﻿40.5040°N 74.3494°W﻿ / 40.5040; -74.3494﻿ (Edison),"https://en.wikipedia.org/wiki/Edison,_New_Jersey",http://www.edisonnj.org/
300,Davenport,Iowa,"102,320","99,685",+2.64%,629,16292,1631,6302,41°33′15″N 90°36′14″W﻿ / ﻿41.5541°N 90.6040°W﻿ / 41.5541; -90.6040﻿ (Davenport),"https://en.wikipedia.org/wiki/Davenport,_Iowa",http://www.cityofdavenportiowa.com/
301,South Bend,Indiana,"102,245","101,168",+1.06%,414,10722,2457,9492,41°40′37″N 86°16′08″W﻿ / ﻿41.6769°N 86.2690°W﻿ / 41.6769; -86.2690﻿ (South Bend),"https://en.wikipedia.org/wiki/South_Bend,_Indiana",http://www.southbendin.gov
302,Woodbridge,New Jersey,"101,965","99,585",+2.39%,233,6032,4351,16802,40°33′39″N 74°17′34″W﻿ / ﻿40.5607°N 74.2927°W﻿ / 40.5607; -74.2927﻿ (Woodbridge),"https://en.wikipedia.org/wiki/Woodbridge_Township,_New_Jersey",http://www.twp.woodbridge.nj.us/
303,Las Cruces,New Mexico,"101,712","97,618",+4.19%,769,19922,1323,5112,32°19′35″N 106°47′23″W﻿ / ﻿32.3264°N 106.7897°W﻿ / 32.3264; -106.7897﻿ (Las Cruces),"https://en.wikipedia.org/wiki/Las_Cruces,_New_Mexico",http://www.las-cruces.org
304,Vista,California,"101,568","93,834",+8.24%,187,4842,5436,20992,33°11′22″N 117°14′19″W﻿ / ﻿33.1895°N 117.2386°W﻿ / 33.1895; -117.2386﻿ (Vista),"https://en.wikipedia.org/wiki/Vista,_California",http://www.cityofvista.com
305,Renton,Washington,"101,379","90,927",+11.49%,234,6062,4314,16662,47°28′34″N 122°11′31″W﻿ / ﻿47.4761°N 122.1920°W﻿ / 47.4761; -122.1920﻿ (Renton),"https://en.wikipedia.org/wiki/Renton,_Washington",/wiki/Help:Maintenance_template_removal
306,Sparks,Nevada,"100,888","90,264",+11.77%,359,9302,2810,10802,39°33′16″N 119°44′08″W﻿ / ﻿39.5544°N 119.7356°W﻿ / 39.5544; -119.7356﻿ (Sparks),"https://en.wikipedia.org/wiki/Sparks,_Nevada",/wiki/Nevada_Historical_Marker
307,Clinton,Michigan,"100,712","96,796",+4.05%,281,7282,3573,13802,42°35′25″N 82°55′01″W﻿ / ﻿42.5903°N 82.9170°W﻿ / 42.5903; -82.9170﻿ (Clinton),"https://en.wikipedia.org/wiki/Clinton_Township,_Macomb_County,_Michigan",https://clintontownship.com/index.html
308,Allen,Texas,"100,685","84,246",+19.51%,271,7022,3715,14342,33°05′59″N 96°39′47″W﻿ / ﻿33.0997°N 96.6631°W﻿ / 33.0997; -96.6631﻿ (Allen),"https://en.wikipedia.org/wiki/Allen,_Texas",http://www.cityofallen.org
309,Tuscaloosa,Alabama,"100,287","90,468",+10.85%,717,18572,1399,5402,33°12′23″N 87°32′05″W﻿ / ﻿33.2065°N 87.5346°W﻿ / 33.2065; -87.5346﻿ (Tuscaloosa),"https://en.wikipedia.org/wiki/Tuscaloosa,_Alabama",http://www.tuscaloosa.com/
310,San Angelo,Texas,"100,119","93,200",+7.42%,599,15512,1681,6492,31°26′28″N 100°27′02″W﻿ / ﻿31.4411°N 100.4505°W﻿ / 31.4411; -100.4505﻿ (San Angelo),"https://en.wikipedia.org/wiki/San_Angelo,_Texas",http://www.cosatx.us/
311,Vacaville,California,"100,032","92,428",+8.23%,290,7512,3449,13322,38°21′14″N 121°58′22″W﻿ / ﻿38.3539°N 121.9728°W﻿ / 38.3539; -121.9728﻿ (Vacaville),"https://en.wikipedia.org/wiki/Vacaville,_California",http://www.cityofvacaville.com
